iteration,eval_average_return
0,-178.84375
1,-152.38070678710938
2,-92.13566589355469
3,-140.192626953125
4,-121.32615661621094
5,-77.89366149902344
6,-66.490478515625
7,-76.48367309570312
8,-44.716094970703125
9,-44.5767707824707
10,-292.79644775390625
11,-116.93112182617188
12,-108.98607635498047
13,-89.99201965332031
14,-172.62603759765625
15,-70.68243408203125
16,-175.58529663085938
17,-2.6203784942626953
18,-17.496362686157227
19,34.8631477355957
20,24.677162170410156
21,15.579353332519531
22,47.872283935546875
23,-5.5540618896484375
24,57.065364837646484
25,25.452741622924805
26,23.107540130615234
27,54.389404296875
28,14.727372169494629
29,55.4024658203125
30,83.32474517822266
31,37.66677474975586
32,50.15970230102539
33,72.87572479248047
34,80.70649719238281
35,160.20858764648438
36,77.46678161621094
37,150.77838134765625
38,145.32537841796875
39,-5.0605926513671875
40,86.05473327636719
41,121.29258728027344
42,84.81114196777344
43,129.05221557617188
44,138.39559936523438
45,168.0809783935547
46,118.21268463134766
47,138.216552734375
48,155.64234924316406
49,142.43133544921875
50,54.75175094604492
51,49.70012283325195
52,38.66449737548828
53,46.334049224853516
54,25.351425170898438
55,54.8056755065918
56,53.53694534301758
57,41.42533493041992
58,181.6904296875
59,135.99685668945312
60,177.01345825195312
61,148.46591186523438
62,157.2146759033203
63,162.23123168945312
64,161.13218688964844
65,158.02586364746094
66,166.07119750976562
67,188.91192626953125
68,185.146728515625
69,135.9140625
70,157.14501953125
71,162.85845947265625
72,128.84613037109375
73,151.3770751953125
74,121.03591918945312
75,141.95236206054688
76,125.79755401611328
77,147.78363037109375
78,154.2457733154297
79,148.3902587890625
80,155.36898803710938
81,165.2322235107422
82,126.72167205810547
83,155.7425537109375
84,141.5863037109375
85,169.04556274414062
86,116.13653564453125
87,162.91842651367188
88,163.68618774414062
89,150.76089477539062
90,138.64459228515625
91,74.15773010253906
92,80.37786865234375
93,142.75877380371094
94,88.17804718017578
95,142.07699584960938
96,90.1526870727539
97,122.86466979980469
98,254.90887451171875
99,121.18272399902344
