experiment,iteration,eval_average_return
q4_search_b10000_lr0.005_rtg_nnbaseline,0,-101.89856719970703
q4_search_b10000_lr0.005_rtg_nnbaseline,1,-84.6244888305664
q4_search_b10000_lr0.005_rtg_nnbaseline,2,-82.9950180053711
q4_search_b10000_lr0.005_rtg_nnbaseline,3,-60.72108840942383
q4_search_b10000_lr0.005_rtg_nnbaseline,4,-79.31659698486328
q4_search_b10000_lr0.005_rtg_nnbaseline,5,-78.61923217773438
q4_search_b10000_lr0.005_rtg_nnbaseline,6,-94.73760986328125
q4_search_b10000_lr0.005_rtg_nnbaseline,7,-94.48934173583984
q4_search_b10000_lr0.005_rtg_nnbaseline,8,-56.729434967041016
q4_search_b10000_lr0.005_rtg_nnbaseline,9,-69.02047729492188
q4_search_b10000_lr0.005_rtg_nnbaseline,10,-72.4755859375
q4_search_b10000_lr0.005_rtg_nnbaseline,11,-120.10037994384766
q4_search_b10000_lr0.005_rtg_nnbaseline,12,-51.23297119140625
q4_search_b10000_lr0.005_rtg_nnbaseline,13,-42.24405288696289
q4_search_b10000_lr0.005_rtg_nnbaseline,14,-66.80896759033203
q4_search_b10000_lr0.005_rtg_nnbaseline,15,-78.06507110595703
q4_search_b10000_lr0.005_rtg_nnbaseline,16,-82.30960845947266
q4_search_b10000_lr0.005_rtg_nnbaseline,17,-51.764766693115234
q4_search_b10000_lr0.005_rtg_nnbaseline,18,-61.46226119995117
q4_search_b10000_lr0.005_rtg_nnbaseline,19,-49.693695068359375
q4_search_b10000_lr0.005_rtg_nnbaseline,20,-35.65424728393555
q4_search_b10000_lr0.005_rtg_nnbaseline,21,-53.963191986083984
q4_search_b10000_lr0.005_rtg_nnbaseline,22,-79.4786148071289
q4_search_b10000_lr0.005_rtg_nnbaseline,23,-83.76253509521484
q4_search_b10000_lr0.005_rtg_nnbaseline,24,-85.59527587890625
q4_search_b10000_lr0.005_rtg_nnbaseline,25,-44.73637771606445
q4_search_b10000_lr0.005_rtg_nnbaseline,26,-47.2547492980957
q4_search_b10000_lr0.005_rtg_nnbaseline,27,-33.54719924926758
q4_search_b10000_lr0.005_rtg_nnbaseline,28,-50.66362380981445
q4_search_b10000_lr0.005_rtg_nnbaseline,29,-48.269954681396484
q4_search_b10000_lr0.005_rtg_nnbaseline,30,-90.4926986694336
q4_search_b10000_lr0.005_rtg_nnbaseline,31,-43.31178283691406
q4_search_b10000_lr0.005_rtg_nnbaseline,32,-73.7223129272461
q4_search_b10000_lr0.005_rtg_nnbaseline,33,-52.854427337646484
q4_search_b10000_lr0.005_rtg_nnbaseline,34,-44.838348388671875
q4_search_b10000_lr0.005_rtg_nnbaseline,35,-39.66423034667969
q4_search_b10000_lr0.005_rtg_nnbaseline,36,-45.21574020385742
q4_search_b10000_lr0.005_rtg_nnbaseline,37,-47.76942825317383
q4_search_b10000_lr0.005_rtg_nnbaseline,38,-41.69060134887695
q4_search_b10000_lr0.005_rtg_nnbaseline,39,-50.46846008300781
q4_search_b10000_lr0.005_rtg_nnbaseline,40,-64.87953186035156
q4_search_b10000_lr0.005_rtg_nnbaseline,41,-40.4857063293457
q4_search_b10000_lr0.005_rtg_nnbaseline,42,-25.89668846130371
q4_search_b10000_lr0.005_rtg_nnbaseline,43,-41.75146484375
q4_search_b10000_lr0.005_rtg_nnbaseline,44,-48.86289596557617
q4_search_b10000_lr0.005_rtg_nnbaseline,45,-45.932125091552734
q4_search_b10000_lr0.005_rtg_nnbaseline,46,-25.90578269958496
q4_search_b10000_lr0.005_rtg_nnbaseline,47,-29.625839233398438
q4_search_b10000_lr0.005_rtg_nnbaseline,48,-52.517391204833984
q4_search_b10000_lr0.005_rtg_nnbaseline,49,-45.9466552734375
q4_search_b10000_lr0.005_rtg_nnbaseline,50,-32.87699890136719
q4_search_b10000_lr0.005_rtg_nnbaseline,51,-63.63093948364258
q4_search_b10000_lr0.005_rtg_nnbaseline,52,-28.709556579589844
q4_search_b10000_lr0.005_rtg_nnbaseline,53,-27.543991088867188
q4_search_b10000_lr0.005_rtg_nnbaseline,54,-22.4775333404541
q4_search_b10000_lr0.005_rtg_nnbaseline,55,-22.586618423461914
q4_search_b10000_lr0.005_rtg_nnbaseline,56,-29.367956161499023
q4_search_b10000_lr0.005_rtg_nnbaseline,57,-25.5628604888916
q4_search_b10000_lr0.005_rtg_nnbaseline,58,-42.89067459106445
q4_search_b10000_lr0.005_rtg_nnbaseline,59,-32.15509033203125
q4_search_b10000_lr0.005_rtg_nnbaseline,60,-40.66444778442383
q4_search_b10000_lr0.005_rtg_nnbaseline,61,-32.91044616699219
q4_search_b10000_lr0.005_rtg_nnbaseline,62,-25.986764907836914
q4_search_b10000_lr0.005_rtg_nnbaseline,63,-31.774564743041992
q4_search_b10000_lr0.005_rtg_nnbaseline,64,-28.573701858520508
q4_search_b10000_lr0.005_rtg_nnbaseline,65,-60.72691345214844
q4_search_b10000_lr0.005_rtg_nnbaseline,66,-27.525161743164062
q4_search_b10000_lr0.005_rtg_nnbaseline,67,-29.774438858032227
q4_search_b10000_lr0.005_rtg_nnbaseline,68,-32.11732864379883
q4_search_b10000_lr0.005_rtg_nnbaseline,69,-28.367202758789062
q4_search_b10000_lr0.005_rtg_nnbaseline,70,-44.734283447265625
q4_search_b10000_lr0.005_rtg_nnbaseline,71,-21.960861206054688
q4_search_b10000_lr0.005_rtg_nnbaseline,72,-17.424903869628906
q4_search_b10000_lr0.005_rtg_nnbaseline,73,-27.81580352783203
q4_search_b10000_lr0.005_rtg_nnbaseline,74,-38.55025100708008
q4_search_b10000_lr0.005_rtg_nnbaseline,75,-18.398555755615234
q4_search_b10000_lr0.005_rtg_nnbaseline,76,-26.370698928833008
q4_search_b10000_lr0.005_rtg_nnbaseline,77,-38.498008728027344
q4_search_b10000_lr0.005_rtg_nnbaseline,78,-6.959116458892822
q4_search_b10000_lr0.005_rtg_nnbaseline,79,-18.359312057495117
q4_search_b10000_lr0.005_rtg_nnbaseline,80,-14.797263145446777
q4_search_b10000_lr0.005_rtg_nnbaseline,81,-22.65309715270996
q4_search_b10000_lr0.005_rtg_nnbaseline,82,-35.91899108886719
q4_search_b10000_lr0.005_rtg_nnbaseline,83,-23.874547958374023
q4_search_b10000_lr0.005_rtg_nnbaseline,84,-21.657197952270508
q4_search_b10000_lr0.005_rtg_nnbaseline,85,-27.70905876159668
q4_search_b10000_lr0.005_rtg_nnbaseline,86,-25.17948341369629
q4_search_b10000_lr0.005_rtg_nnbaseline,87,-2.5342166423797607
q4_search_b10000_lr0.005_rtg_nnbaseline,88,-20.30021858215332
q4_search_b10000_lr0.005_rtg_nnbaseline,89,-10.599137306213379
q4_search_b10000_lr0.005_rtg_nnbaseline,90,4.4329304695129395
q4_search_b10000_lr0.005_rtg_nnbaseline,91,-12.9078950881958
q4_search_b10000_lr0.005_rtg_nnbaseline,92,-10.06668758392334
q4_search_b10000_lr0.005_rtg_nnbaseline,93,-16.838865280151367
q4_search_b10000_lr0.005_rtg_nnbaseline,94,-16.508798599243164
q4_search_b10000_lr0.005_rtg_nnbaseline,95,-6.454309940338135
q4_search_b10000_lr0.005_rtg_nnbaseline,96,6.118225574493408
q4_search_b10000_lr0.005_rtg_nnbaseline,97,-6.945611476898193
q4_search_b10000_lr0.005_rtg_nnbaseline,98,5.874091625213623
q4_search_b10000_lr0.005_rtg_nnbaseline,99,-0.4222162663936615
q4_search_b10000_lr0.01_rtg_nnbaseline,0,-84.36190032958984
q4_search_b10000_lr0.01_rtg_nnbaseline,1,-85.99329376220703
q4_search_b10000_lr0.01_rtg_nnbaseline,2,-79.92259979248047
q4_search_b10000_lr0.01_rtg_nnbaseline,3,-68.46305084228516
q4_search_b10000_lr0.01_rtg_nnbaseline,4,-94.5543441772461
q4_search_b10000_lr0.01_rtg_nnbaseline,5,-79.15318298339844
q4_search_b10000_lr0.01_rtg_nnbaseline,6,-46.800933837890625
q4_search_b10000_lr0.01_rtg_nnbaseline,7,-86.1814193725586
q4_search_b10000_lr0.01_rtg_nnbaseline,8,-83.2630844116211
q4_search_b10000_lr0.01_rtg_nnbaseline,9,-102.19412994384766
q4_search_b10000_lr0.01_rtg_nnbaseline,10,-64.75672912597656
q4_search_b10000_lr0.01_rtg_nnbaseline,11,-82.57308197021484
q4_search_b10000_lr0.01_rtg_nnbaseline,12,-61.65584182739258
q4_search_b10000_lr0.01_rtg_nnbaseline,13,-67.77167510986328
q4_search_b10000_lr0.01_rtg_nnbaseline,14,-101.72442626953125
q4_search_b10000_lr0.01_rtg_nnbaseline,15,-59.54530715942383
q4_search_b10000_lr0.01_rtg_nnbaseline,16,-32.17216491699219
q4_search_b10000_lr0.01_rtg_nnbaseline,17,-39.8952751159668
q4_search_b10000_lr0.01_rtg_nnbaseline,18,-29.817415237426758
q4_search_b10000_lr0.01_rtg_nnbaseline,19,-33.830257415771484
q4_search_b10000_lr0.01_rtg_nnbaseline,20,-28.564420700073242
q4_search_b10000_lr0.01_rtg_nnbaseline,21,-48.85870361328125
q4_search_b10000_lr0.01_rtg_nnbaseline,22,-25.959402084350586
q4_search_b10000_lr0.01_rtg_nnbaseline,23,-30.05083656311035
q4_search_b10000_lr0.01_rtg_nnbaseline,24,-38.32096481323242
q4_search_b10000_lr0.01_rtg_nnbaseline,25,-34.915130615234375
q4_search_b10000_lr0.01_rtg_nnbaseline,26,-20.2244873046875
q4_search_b10000_lr0.01_rtg_nnbaseline,27,-38.70539474487305
q4_search_b10000_lr0.01_rtg_nnbaseline,28,-44.2911262512207
q4_search_b10000_lr0.01_rtg_nnbaseline,29,-50.23985290527344
q4_search_b10000_lr0.01_rtg_nnbaseline,30,-13.939976692199707
q4_search_b10000_lr0.01_rtg_nnbaseline,31,-4.309256076812744
q4_search_b10000_lr0.01_rtg_nnbaseline,32,-22.221214294433594
q4_search_b10000_lr0.01_rtg_nnbaseline,33,-11.213719367980957
q4_search_b10000_lr0.01_rtg_nnbaseline,34,-20.27898597717285
q4_search_b10000_lr0.01_rtg_nnbaseline,35,-4.856016635894775
q4_search_b10000_lr0.01_rtg_nnbaseline,36,-19.606992721557617
q4_search_b10000_lr0.01_rtg_nnbaseline,37,-23.18047523498535
q4_search_b10000_lr0.01_rtg_nnbaseline,38,4.539827823638916
q4_search_b10000_lr0.01_rtg_nnbaseline,39,-68.51631927490234
q4_search_b10000_lr0.01_rtg_nnbaseline,40,-59.84403610229492
q4_search_b10000_lr0.01_rtg_nnbaseline,41,-33.054935455322266
q4_search_b10000_lr0.01_rtg_nnbaseline,42,-6.536622524261475
q4_search_b10000_lr0.01_rtg_nnbaseline,43,-39.560062408447266
q4_search_b10000_lr0.01_rtg_nnbaseline,44,-19.220243453979492
q4_search_b10000_lr0.01_rtg_nnbaseline,45,-28.503082275390625
q4_search_b10000_lr0.01_rtg_nnbaseline,46,-33.144195556640625
q4_search_b10000_lr0.01_rtg_nnbaseline,47,-10.401803016662598
q4_search_b10000_lr0.01_rtg_nnbaseline,48,-17.0114803314209
q4_search_b10000_lr0.01_rtg_nnbaseline,49,1.4684263467788696
q4_search_b10000_lr0.01_rtg_nnbaseline,50,-21.702497482299805
q4_search_b10000_lr0.01_rtg_nnbaseline,51,-41.672054290771484
q4_search_b10000_lr0.01_rtg_nnbaseline,52,-37.190635681152344
q4_search_b10000_lr0.01_rtg_nnbaseline,53,-20.10205078125
q4_search_b10000_lr0.01_rtg_nnbaseline,54,10.58280086517334
q4_search_b10000_lr0.01_rtg_nnbaseline,55,1.9741147756576538
q4_search_b10000_lr0.01_rtg_nnbaseline,56,-8.885257720947266
q4_search_b10000_lr0.01_rtg_nnbaseline,57,4.07466459274292
q4_search_b10000_lr0.01_rtg_nnbaseline,58,13.153828620910645
q4_search_b10000_lr0.01_rtg_nnbaseline,59,8.176493644714355
q4_search_b10000_lr0.01_rtg_nnbaseline,60,-12.595161437988281
q4_search_b10000_lr0.01_rtg_nnbaseline,61,-7.656890869140625
q4_search_b10000_lr0.01_rtg_nnbaseline,62,-18.290773391723633
q4_search_b10000_lr0.01_rtg_nnbaseline,63,4.211362361907959
q4_search_b10000_lr0.01_rtg_nnbaseline,64,3.955118179321289
q4_search_b10000_lr0.01_rtg_nnbaseline,65,-0.23264901340007782
q4_search_b10000_lr0.01_rtg_nnbaseline,66,4.2145256996154785
q4_search_b10000_lr0.01_rtg_nnbaseline,67,3.354379892349243
q4_search_b10000_lr0.01_rtg_nnbaseline,68,6.56573486328125
q4_search_b10000_lr0.01_rtg_nnbaseline,69,14.678349494934082
q4_search_b10000_lr0.01_rtg_nnbaseline,70,18.516176223754883
q4_search_b10000_lr0.01_rtg_nnbaseline,71,29.337133407592773
q4_search_b10000_lr0.01_rtg_nnbaseline,72,38.023094177246094
q4_search_b10000_lr0.01_rtg_nnbaseline,73,28.045547485351562
q4_search_b10000_lr0.01_rtg_nnbaseline,74,58.180789947509766
q4_search_b10000_lr0.01_rtg_nnbaseline,75,25.881380081176758
q4_search_b10000_lr0.01_rtg_nnbaseline,76,32.601318359375
q4_search_b10000_lr0.01_rtg_nnbaseline,77,66.74188995361328
q4_search_b10000_lr0.01_rtg_nnbaseline,78,21.06419563293457
q4_search_b10000_lr0.01_rtg_nnbaseline,79,48.6497802734375
q4_search_b10000_lr0.01_rtg_nnbaseline,80,50.31166076660156
q4_search_b10000_lr0.01_rtg_nnbaseline,81,47.3983268737793
q4_search_b10000_lr0.01_rtg_nnbaseline,82,47.2138671875
q4_search_b10000_lr0.01_rtg_nnbaseline,83,53.41328048706055
q4_search_b10000_lr0.01_rtg_nnbaseline,84,70.64661407470703
q4_search_b10000_lr0.01_rtg_nnbaseline,85,16.46360206604004
q4_search_b10000_lr0.01_rtg_nnbaseline,86,29.0257511138916
q4_search_b10000_lr0.01_rtg_nnbaseline,87,61.398502349853516
q4_search_b10000_lr0.01_rtg_nnbaseline,88,63.54283142089844
q4_search_b10000_lr0.01_rtg_nnbaseline,89,88.9107894897461
q4_search_b10000_lr0.01_rtg_nnbaseline,90,78.21187591552734
q4_search_b10000_lr0.01_rtg_nnbaseline,91,61.99028015136719
q4_search_b10000_lr0.01_rtg_nnbaseline,92,95.24691772460938
q4_search_b10000_lr0.01_rtg_nnbaseline,93,66.6684341430664
q4_search_b10000_lr0.01_rtg_nnbaseline,94,80.24517822265625
q4_search_b10000_lr0.01_rtg_nnbaseline,95,85.16252899169922
q4_search_b10000_lr0.01_rtg_nnbaseline,96,85.4466323852539
q4_search_b10000_lr0.01_rtg_nnbaseline,97,103.2192153930664
q4_search_b10000_lr0.01_rtg_nnbaseline,98,83.59996795654297
q4_search_b10000_lr0.01_rtg_nnbaseline,99,100.00849151611328
q4_search_b10000_lr0.02_rtg_nnbaseline,0,-110.60540771484375
q4_search_b10000_lr0.02_rtg_nnbaseline,1,-89.87813568115234
q4_search_b10000_lr0.02_rtg_nnbaseline,2,-56.95182800292969
q4_search_b10000_lr0.02_rtg_nnbaseline,3,-35.3408317565918
q4_search_b10000_lr0.02_rtg_nnbaseline,4,-77.74118041992188
q4_search_b10000_lr0.02_rtg_nnbaseline,5,-79.52705383300781
q4_search_b10000_lr0.02_rtg_nnbaseline,6,-44.25617980957031
q4_search_b10000_lr0.02_rtg_nnbaseline,7,-33.18024826049805
q4_search_b10000_lr0.02_rtg_nnbaseline,8,-58.612422943115234
q4_search_b10000_lr0.02_rtg_nnbaseline,9,-54.6668586730957
q4_search_b10000_lr0.02_rtg_nnbaseline,10,-89.476318359375
q4_search_b10000_lr0.02_rtg_nnbaseline,11,-68.96623992919922
q4_search_b10000_lr0.02_rtg_nnbaseline,12,-104.51043701171875
q4_search_b10000_lr0.02_rtg_nnbaseline,13,-38.14984130859375
q4_search_b10000_lr0.02_rtg_nnbaseline,14,-56.91510009765625
q4_search_b10000_lr0.02_rtg_nnbaseline,15,-48.43159484863281
q4_search_b10000_lr0.02_rtg_nnbaseline,16,-24.88763999938965
q4_search_b10000_lr0.02_rtg_nnbaseline,17,-51.6187629699707
q4_search_b10000_lr0.02_rtg_nnbaseline,18,-22.830564498901367
q4_search_b10000_lr0.02_rtg_nnbaseline,19,-35.44486999511719
q4_search_b10000_lr0.02_rtg_nnbaseline,20,-17.543760299682617
q4_search_b10000_lr0.02_rtg_nnbaseline,21,-39.85403060913086
q4_search_b10000_lr0.02_rtg_nnbaseline,22,-27.099294662475586
q4_search_b10000_lr0.02_rtg_nnbaseline,23,-11.602745056152344
q4_search_b10000_lr0.02_rtg_nnbaseline,24,-4.550937652587891
q4_search_b10000_lr0.02_rtg_nnbaseline,25,-13.130081176757812
q4_search_b10000_lr0.02_rtg_nnbaseline,26,-18.234455108642578
q4_search_b10000_lr0.02_rtg_nnbaseline,27,0.1555647850036621
q4_search_b10000_lr0.02_rtg_nnbaseline,28,-17.48282814025879
q4_search_b10000_lr0.02_rtg_nnbaseline,29,-8.947063446044922
q4_search_b10000_lr0.02_rtg_nnbaseline,30,-32.69296646118164
q4_search_b10000_lr0.02_rtg_nnbaseline,31,-33.74447250366211
q4_search_b10000_lr0.02_rtg_nnbaseline,32,-7.802248477935791
q4_search_b10000_lr0.02_rtg_nnbaseline,33,-0.5177447199821472
q4_search_b10000_lr0.02_rtg_nnbaseline,34,-16.03068733215332
q4_search_b10000_lr0.02_rtg_nnbaseline,35,9.383511543273926
q4_search_b10000_lr0.02_rtg_nnbaseline,36,-3.2328875064849854
q4_search_b10000_lr0.02_rtg_nnbaseline,37,12.730237007141113
q4_search_b10000_lr0.02_rtg_nnbaseline,38,11.077213287353516
q4_search_b10000_lr0.02_rtg_nnbaseline,39,-2.316462516784668
q4_search_b10000_lr0.02_rtg_nnbaseline,40,1.571316123008728
q4_search_b10000_lr0.02_rtg_nnbaseline,41,-3.88069748878479
q4_search_b10000_lr0.02_rtg_nnbaseline,42,-2.3513190746307373
q4_search_b10000_lr0.02_rtg_nnbaseline,43,17.49758529663086
q4_search_b10000_lr0.02_rtg_nnbaseline,44,-2.1322238445281982
q4_search_b10000_lr0.02_rtg_nnbaseline,45,10.567644119262695
q4_search_b10000_lr0.02_rtg_nnbaseline,46,23.865196228027344
q4_search_b10000_lr0.02_rtg_nnbaseline,47,14.108922004699707
q4_search_b10000_lr0.02_rtg_nnbaseline,48,19.476638793945312
q4_search_b10000_lr0.02_rtg_nnbaseline,49,1.2080022096633911
q4_search_b10000_lr0.02_rtg_nnbaseline,50,37.99541473388672
q4_search_b10000_lr0.02_rtg_nnbaseline,51,44.017765045166016
q4_search_b10000_lr0.02_rtg_nnbaseline,52,47.540592193603516
q4_search_b10000_lr0.02_rtg_nnbaseline,53,13.449997901916504
q4_search_b10000_lr0.02_rtg_nnbaseline,54,-11.720890998840332
q4_search_b10000_lr0.02_rtg_nnbaseline,55,9.415728569030762
q4_search_b10000_lr0.02_rtg_nnbaseline,56,14.152997016906738
q4_search_b10000_lr0.02_rtg_nnbaseline,57,27.08006477355957
q4_search_b10000_lr0.02_rtg_nnbaseline,58,30.389205932617188
q4_search_b10000_lr0.02_rtg_nnbaseline,59,66.07923126220703
q4_search_b10000_lr0.02_rtg_nnbaseline,60,54.98334884643555
q4_search_b10000_lr0.02_rtg_nnbaseline,61,85.2217025756836
q4_search_b10000_lr0.02_rtg_nnbaseline,62,91.1017837524414
q4_search_b10000_lr0.02_rtg_nnbaseline,63,106.43289947509766
q4_search_b10000_lr0.02_rtg_nnbaseline,64,44.63604736328125
q4_search_b10000_lr0.02_rtg_nnbaseline,65,74.85149383544922
q4_search_b10000_lr0.02_rtg_nnbaseline,66,106.76718139648438
q4_search_b10000_lr0.02_rtg_nnbaseline,67,126.9878921508789
q4_search_b10000_lr0.02_rtg_nnbaseline,68,157.94467163085938
q4_search_b10000_lr0.02_rtg_nnbaseline,69,123.04730224609375
q4_search_b10000_lr0.02_rtg_nnbaseline,70,137.9990997314453
q4_search_b10000_lr0.02_rtg_nnbaseline,71,108.17586517333984
q4_search_b10000_lr0.02_rtg_nnbaseline,72,145.91314697265625
q4_search_b10000_lr0.02_rtg_nnbaseline,73,146.3440704345703
q4_search_b10000_lr0.02_rtg_nnbaseline,74,175.17889404296875
q4_search_b10000_lr0.02_rtg_nnbaseline,75,112.74300384521484
q4_search_b10000_lr0.02_rtg_nnbaseline,76,170.5677490234375
q4_search_b10000_lr0.02_rtg_nnbaseline,77,160.9014129638672
q4_search_b10000_lr0.02_rtg_nnbaseline,78,132.34214782714844
q4_search_b10000_lr0.02_rtg_nnbaseline,79,133.431884765625
q4_search_b10000_lr0.02_rtg_nnbaseline,80,124.2309341430664
q4_search_b10000_lr0.02_rtg_nnbaseline,81,103.10516357421875
q4_search_b10000_lr0.02_rtg_nnbaseline,82,159.0481414794922
q4_search_b10000_lr0.02_rtg_nnbaseline,83,115.5267333984375
q4_search_b10000_lr0.02_rtg_nnbaseline,84,135.8855743408203
q4_search_b10000_lr0.02_rtg_nnbaseline,85,83.23873138427734
q4_search_b10000_lr0.02_rtg_nnbaseline,86,130.18931579589844
q4_search_b10000_lr0.02_rtg_nnbaseline,87,154.71556091308594
q4_search_b10000_lr0.02_rtg_nnbaseline,88,97.25125885009766
q4_search_b10000_lr0.02_rtg_nnbaseline,89,136.48680114746094
q4_search_b10000_lr0.02_rtg_nnbaseline,90,157.0362548828125
q4_search_b10000_lr0.02_rtg_nnbaseline,91,155.46847534179688
q4_search_b10000_lr0.02_rtg_nnbaseline,92,130.47401428222656
q4_search_b10000_lr0.02_rtg_nnbaseline,93,111.8251724243164
q4_search_b10000_lr0.02_rtg_nnbaseline,94,141.38902282714844
q4_search_b10000_lr0.02_rtg_nnbaseline,95,112.66846466064453
q4_search_b10000_lr0.02_rtg_nnbaseline,96,176.3910675048828
q4_search_b10000_lr0.02_rtg_nnbaseline,97,210.9046173095703
q4_search_b10000_lr0.02_rtg_nnbaseline,98,198.6043243408203
q4_search_b10000_lr0.02_rtg_nnbaseline,99,161.28770446777344
q4_search_b30000_lr0.005_rtg_nnbaseline,0,-66.13208770751953
q4_search_b30000_lr0.005_rtg_nnbaseline,1,-89.87598419189453
q4_search_b30000_lr0.005_rtg_nnbaseline,2,-78.33002471923828
q4_search_b30000_lr0.005_rtg_nnbaseline,3,-50.85502624511719
q4_search_b30000_lr0.005_rtg_nnbaseline,4,-72.61824798583984
q4_search_b30000_lr0.005_rtg_nnbaseline,5,-91.9992446899414
q4_search_b30000_lr0.005_rtg_nnbaseline,6,-58.243499755859375
q4_search_b30000_lr0.005_rtg_nnbaseline,7,-97.60543823242188
q4_search_b30000_lr0.005_rtg_nnbaseline,8,-90.61083984375
q4_search_b30000_lr0.005_rtg_nnbaseline,9,-56.76203918457031
q4_search_b30000_lr0.005_rtg_nnbaseline,10,-72.50624084472656
q4_search_b30000_lr0.005_rtg_nnbaseline,11,-48.6832389831543
q4_search_b30000_lr0.005_rtg_nnbaseline,12,-49.770198822021484
q4_search_b30000_lr0.005_rtg_nnbaseline,13,-63.424129486083984
q4_search_b30000_lr0.005_rtg_nnbaseline,14,-59.0849609375
q4_search_b30000_lr0.005_rtg_nnbaseline,15,-65.20048522949219
q4_search_b30000_lr0.005_rtg_nnbaseline,16,-50.4474983215332
q4_search_b30000_lr0.005_rtg_nnbaseline,17,-81.23477935791016
q4_search_b30000_lr0.005_rtg_nnbaseline,18,-53.82365036010742
q4_search_b30000_lr0.005_rtg_nnbaseline,19,-62.99843978881836
q4_search_b30000_lr0.005_rtg_nnbaseline,20,-63.47539138793945
q4_search_b30000_lr0.005_rtg_nnbaseline,21,-67.64261627197266
q4_search_b30000_lr0.005_rtg_nnbaseline,22,-66.5344009399414
q4_search_b30000_lr0.005_rtg_nnbaseline,23,-50.89166259765625
q4_search_b30000_lr0.005_rtg_nnbaseline,24,-62.000213623046875
q4_search_b30000_lr0.005_rtg_nnbaseline,25,-65.88477325439453
q4_search_b30000_lr0.005_rtg_nnbaseline,26,-57.70427322387695
q4_search_b30000_lr0.005_rtg_nnbaseline,27,-40.126895904541016
q4_search_b30000_lr0.005_rtg_nnbaseline,28,-32.61103057861328
q4_search_b30000_lr0.005_rtg_nnbaseline,29,-40.74711227416992
q4_search_b30000_lr0.005_rtg_nnbaseline,30,-47.55271530151367
q4_search_b30000_lr0.005_rtg_nnbaseline,31,-70.3912353515625
q4_search_b30000_lr0.005_rtg_nnbaseline,32,-37.82094955444336
q4_search_b30000_lr0.005_rtg_nnbaseline,33,-31.603355407714844
q4_search_b30000_lr0.005_rtg_nnbaseline,34,-48.020870208740234
q4_search_b30000_lr0.005_rtg_nnbaseline,35,-32.03221130371094
q4_search_b30000_lr0.005_rtg_nnbaseline,36,-49.02679443359375
q4_search_b30000_lr0.005_rtg_nnbaseline,37,-44.1361198425293
q4_search_b30000_lr0.005_rtg_nnbaseline,38,-70.89884185791016
q4_search_b30000_lr0.005_rtg_nnbaseline,39,-30.580636978149414
q4_search_b30000_lr0.005_rtg_nnbaseline,40,-44.330692291259766
q4_search_b30000_lr0.005_rtg_nnbaseline,41,-39.56644058227539
q4_search_b30000_lr0.005_rtg_nnbaseline,42,-77.36991119384766
q4_search_b30000_lr0.005_rtg_nnbaseline,43,-45.76083755493164
q4_search_b30000_lr0.005_rtg_nnbaseline,44,-18.796478271484375
q4_search_b30000_lr0.005_rtg_nnbaseline,45,-49.92665481567383
q4_search_b30000_lr0.005_rtg_nnbaseline,46,-45.07132339477539
q4_search_b30000_lr0.005_rtg_nnbaseline,47,-39.29194641113281
q4_search_b30000_lr0.005_rtg_nnbaseline,48,-37.167442321777344
q4_search_b30000_lr0.005_rtg_nnbaseline,49,-12.471660614013672
q4_search_b30000_lr0.005_rtg_nnbaseline,50,-44.995208740234375
q4_search_b30000_lr0.005_rtg_nnbaseline,51,-30.2708683013916
q4_search_b30000_lr0.005_rtg_nnbaseline,52,-24.534225463867188
q4_search_b30000_lr0.005_rtg_nnbaseline,53,-22.872278213500977
q4_search_b30000_lr0.005_rtg_nnbaseline,54,-36.27650833129883
q4_search_b30000_lr0.005_rtg_nnbaseline,55,-33.56931686401367
q4_search_b30000_lr0.005_rtg_nnbaseline,56,-38.16787338256836
q4_search_b30000_lr0.005_rtg_nnbaseline,57,-30.363296508789062
q4_search_b30000_lr0.005_rtg_nnbaseline,58,-20.87906837463379
q4_search_b30000_lr0.005_rtg_nnbaseline,59,-15.982048034667969
q4_search_b30000_lr0.005_rtg_nnbaseline,60,-38.19827651977539
q4_search_b30000_lr0.005_rtg_nnbaseline,61,-12.802303314208984
q4_search_b30000_lr0.005_rtg_nnbaseline,62,-37.997859954833984
q4_search_b30000_lr0.005_rtg_nnbaseline,63,-2.7865216732025146
q4_search_b30000_lr0.005_rtg_nnbaseline,64,-27.277650833129883
q4_search_b30000_lr0.005_rtg_nnbaseline,65,-31.47768211364746
q4_search_b30000_lr0.005_rtg_nnbaseline,66,-28.884485244750977
q4_search_b30000_lr0.005_rtg_nnbaseline,67,-7.0056304931640625
q4_search_b30000_lr0.005_rtg_nnbaseline,68,-33.37540817260742
q4_search_b30000_lr0.005_rtg_nnbaseline,69,-15.170356750488281
q4_search_b30000_lr0.005_rtg_nnbaseline,70,-11.44888687133789
q4_search_b30000_lr0.005_rtg_nnbaseline,71,-32.086700439453125
q4_search_b30000_lr0.005_rtg_nnbaseline,72,-1.7484086751937866
q4_search_b30000_lr0.005_rtg_nnbaseline,73,-12.343464851379395
q4_search_b30000_lr0.005_rtg_nnbaseline,74,-13.269402503967285
q4_search_b30000_lr0.005_rtg_nnbaseline,75,11.12740707397461
q4_search_b30000_lr0.005_rtg_nnbaseline,76,-15.791592597961426
q4_search_b30000_lr0.005_rtg_nnbaseline,77,6.153138637542725
q4_search_b30000_lr0.005_rtg_nnbaseline,78,11.713606834411621
q4_search_b30000_lr0.005_rtg_nnbaseline,79,-14.159880638122559
q4_search_b30000_lr0.005_rtg_nnbaseline,80,-8.438096046447754
q4_search_b30000_lr0.005_rtg_nnbaseline,81,18.42298126220703
q4_search_b30000_lr0.005_rtg_nnbaseline,82,-18.57582664489746
q4_search_b30000_lr0.005_rtg_nnbaseline,83,9.74152660369873
q4_search_b30000_lr0.005_rtg_nnbaseline,84,-11.719515800476074
q4_search_b30000_lr0.005_rtg_nnbaseline,85,12.895417213439941
q4_search_b30000_lr0.005_rtg_nnbaseline,86,12.675215721130371
q4_search_b30000_lr0.005_rtg_nnbaseline,87,9.297038078308105
q4_search_b30000_lr0.005_rtg_nnbaseline,88,-9.60158920288086
q4_search_b30000_lr0.005_rtg_nnbaseline,89,20.33083152770996
q4_search_b30000_lr0.005_rtg_nnbaseline,90,34.555728912353516
q4_search_b30000_lr0.005_rtg_nnbaseline,91,20.508827209472656
q4_search_b30000_lr0.005_rtg_nnbaseline,92,22.204687118530273
q4_search_b30000_lr0.005_rtg_nnbaseline,93,24.807065963745117
q4_search_b30000_lr0.005_rtg_nnbaseline,94,34.79576110839844
q4_search_b30000_lr0.005_rtg_nnbaseline,95,22.47918701171875
q4_search_b30000_lr0.005_rtg_nnbaseline,96,19.865713119506836
q4_search_b30000_lr0.005_rtg_nnbaseline,97,45.12223434448242
q4_search_b30000_lr0.005_rtg_nnbaseline,98,23.392770767211914
q4_search_b30000_lr0.005_rtg_nnbaseline,99,44.48854446411133
q4_search_b30000_lr0.01_rtg_nnbaseline,0,-72.1021499633789
q4_search_b30000_lr0.01_rtg_nnbaseline,1,-79.5064697265625
q4_search_b30000_lr0.01_rtg_nnbaseline,2,-89.30074310302734
q4_search_b30000_lr0.01_rtg_nnbaseline,3,-58.572235107421875
q4_search_b30000_lr0.01_rtg_nnbaseline,4,-34.78416061401367
q4_search_b30000_lr0.01_rtg_nnbaseline,5,-78.0378646850586
q4_search_b30000_lr0.01_rtg_nnbaseline,6,-54.35342025756836
q4_search_b30000_lr0.01_rtg_nnbaseline,7,-45.519657135009766
q4_search_b30000_lr0.01_rtg_nnbaseline,8,-86.90789031982422
q4_search_b30000_lr0.01_rtg_nnbaseline,9,-40.94686508178711
q4_search_b30000_lr0.01_rtg_nnbaseline,10,-45.47893142700195
q4_search_b30000_lr0.01_rtg_nnbaseline,11,-60.48575210571289
q4_search_b30000_lr0.01_rtg_nnbaseline,12,-41.9783821105957
q4_search_b30000_lr0.01_rtg_nnbaseline,13,-53.114013671875
q4_search_b30000_lr0.01_rtg_nnbaseline,14,-28.015724182128906
q4_search_b30000_lr0.01_rtg_nnbaseline,15,-44.65871810913086
q4_search_b30000_lr0.01_rtg_nnbaseline,16,-67.42963409423828
q4_search_b30000_lr0.01_rtg_nnbaseline,17,-31.816930770874023
q4_search_b30000_lr0.01_rtg_nnbaseline,18,-64.72200012207031
q4_search_b30000_lr0.01_rtg_nnbaseline,19,-32.92325210571289
q4_search_b30000_lr0.01_rtg_nnbaseline,20,-50.6578483581543
q4_search_b30000_lr0.01_rtg_nnbaseline,21,-45.97714614868164
q4_search_b30000_lr0.01_rtg_nnbaseline,22,-56.24151611328125
q4_search_b30000_lr0.01_rtg_nnbaseline,23,-38.87773132324219
q4_search_b30000_lr0.01_rtg_nnbaseline,24,-20.065065383911133
q4_search_b30000_lr0.01_rtg_nnbaseline,25,-56.34587478637695
q4_search_b30000_lr0.01_rtg_nnbaseline,26,-34.12896728515625
q4_search_b30000_lr0.01_rtg_nnbaseline,27,-40.44209289550781
q4_search_b30000_lr0.01_rtg_nnbaseline,28,-20.337059020996094
q4_search_b30000_lr0.01_rtg_nnbaseline,29,-46.17131042480469
q4_search_b30000_lr0.01_rtg_nnbaseline,30,-19.06402587890625
q4_search_b30000_lr0.01_rtg_nnbaseline,31,-30.96980857849121
q4_search_b30000_lr0.01_rtg_nnbaseline,32,-28.416955947875977
q4_search_b30000_lr0.01_rtg_nnbaseline,33,-21.687475204467773
q4_search_b30000_lr0.01_rtg_nnbaseline,34,-10.059098243713379
q4_search_b30000_lr0.01_rtg_nnbaseline,35,-17.297189712524414
q4_search_b30000_lr0.01_rtg_nnbaseline,36,-23.44281578063965
q4_search_b30000_lr0.01_rtg_nnbaseline,37,-25.54204750061035
q4_search_b30000_lr0.01_rtg_nnbaseline,38,-19.474321365356445
q4_search_b30000_lr0.01_rtg_nnbaseline,39,-26.217744827270508
q4_search_b30000_lr0.01_rtg_nnbaseline,40,-6.165302753448486
q4_search_b30000_lr0.01_rtg_nnbaseline,41,-29.94930076599121
q4_search_b30000_lr0.01_rtg_nnbaseline,42,-7.600526332855225
q4_search_b30000_lr0.01_rtg_nnbaseline,43,-20.544172286987305
q4_search_b30000_lr0.01_rtg_nnbaseline,44,-19.823204040527344
q4_search_b30000_lr0.01_rtg_nnbaseline,45,-1.4219805002212524
q4_search_b30000_lr0.01_rtg_nnbaseline,46,-6.606287002563477
q4_search_b30000_lr0.01_rtg_nnbaseline,47,-3.644313097000122
q4_search_b30000_lr0.01_rtg_nnbaseline,48,-4.161122798919678
q4_search_b30000_lr0.01_rtg_nnbaseline,49,19.1122989654541
q4_search_b30000_lr0.01_rtg_nnbaseline,50,0.1412169188261032
q4_search_b30000_lr0.01_rtg_nnbaseline,51,22.6153621673584
q4_search_b30000_lr0.01_rtg_nnbaseline,52,14.74744701385498
q4_search_b30000_lr0.01_rtg_nnbaseline,53,18.095670700073242
q4_search_b30000_lr0.01_rtg_nnbaseline,54,14.991928100585938
q4_search_b30000_lr0.01_rtg_nnbaseline,55,24.581174850463867
q4_search_b30000_lr0.01_rtg_nnbaseline,56,18.77448272705078
q4_search_b30000_lr0.01_rtg_nnbaseline,57,39.9321403503418
q4_search_b30000_lr0.01_rtg_nnbaseline,58,38.331886291503906
q4_search_b30000_lr0.01_rtg_nnbaseline,59,29.89164924621582
q4_search_b30000_lr0.01_rtg_nnbaseline,60,34.590999603271484
q4_search_b30000_lr0.01_rtg_nnbaseline,61,40.78169631958008
q4_search_b30000_lr0.01_rtg_nnbaseline,62,29.274076461791992
q4_search_b30000_lr0.01_rtg_nnbaseline,63,55.773738861083984
q4_search_b30000_lr0.01_rtg_nnbaseline,64,37.49015808105469
q4_search_b30000_lr0.01_rtg_nnbaseline,65,50.30511474609375
q4_search_b30000_lr0.01_rtg_nnbaseline,66,43.72114944458008
q4_search_b30000_lr0.01_rtg_nnbaseline,67,64.95890045166016
q4_search_b30000_lr0.01_rtg_nnbaseline,68,46.281612396240234
q4_search_b30000_lr0.01_rtg_nnbaseline,69,42.14570999145508
q4_search_b30000_lr0.01_rtg_nnbaseline,70,59.60918045043945
q4_search_b30000_lr0.01_rtg_nnbaseline,71,64.2093734741211
q4_search_b30000_lr0.01_rtg_nnbaseline,72,64.73731231689453
q4_search_b30000_lr0.01_rtg_nnbaseline,73,46.86697006225586
q4_search_b30000_lr0.01_rtg_nnbaseline,74,52.1500129699707
q4_search_b30000_lr0.01_rtg_nnbaseline,75,83.44873809814453
q4_search_b30000_lr0.01_rtg_nnbaseline,76,61.926971435546875
q4_search_b30000_lr0.01_rtg_nnbaseline,77,76.22991180419922
q4_search_b30000_lr0.01_rtg_nnbaseline,78,82.8631591796875
q4_search_b30000_lr0.01_rtg_nnbaseline,79,79.08907318115234
q4_search_b30000_lr0.01_rtg_nnbaseline,80,71.48785400390625
q4_search_b30000_lr0.01_rtg_nnbaseline,81,95.05523681640625
q4_search_b30000_lr0.01_rtg_nnbaseline,82,69.43771362304688
q4_search_b30000_lr0.01_rtg_nnbaseline,83,71.81436157226562
q4_search_b30000_lr0.01_rtg_nnbaseline,84,84.45982360839844
q4_search_b30000_lr0.01_rtg_nnbaseline,85,74.6754379272461
q4_search_b30000_lr0.01_rtg_nnbaseline,86,85.30001068115234
q4_search_b30000_lr0.01_rtg_nnbaseline,87,96.60616302490234
q4_search_b30000_lr0.01_rtg_nnbaseline,88,97.8724594116211
q4_search_b30000_lr0.01_rtg_nnbaseline,89,91.25395965576172
q4_search_b30000_lr0.01_rtg_nnbaseline,90,105.16354370117188
q4_search_b30000_lr0.01_rtg_nnbaseline,91,102.6800765991211
q4_search_b30000_lr0.01_rtg_nnbaseline,92,100.33661651611328
q4_search_b30000_lr0.01_rtg_nnbaseline,93,87.75430297851562
q4_search_b30000_lr0.01_rtg_nnbaseline,94,104.37615203857422
q4_search_b30000_lr0.01_rtg_nnbaseline,95,89.33979034423828
q4_search_b30000_lr0.01_rtg_nnbaseline,96,101.74444580078125
q4_search_b30000_lr0.01_rtg_nnbaseline,97,91.30542755126953
q4_search_b30000_lr0.01_rtg_nnbaseline,98,108.9512939453125
q4_search_b30000_lr0.01_rtg_nnbaseline,99,112.9127197265625
q4_search_b30000_lr0.02_rtg_nnbaseline,0,-77.45696258544922
q4_search_b30000_lr0.02_rtg_nnbaseline,1,-109.3722152709961
q4_search_b30000_lr0.02_rtg_nnbaseline,2,-65.232177734375
q4_search_b30000_lr0.02_rtg_nnbaseline,3,-63.62699508666992
q4_search_b30000_lr0.02_rtg_nnbaseline,4,-59.65616989135742
q4_search_b30000_lr0.02_rtg_nnbaseline,5,-56.76030349731445
q4_search_b30000_lr0.02_rtg_nnbaseline,6,-27.492034912109375
q4_search_b30000_lr0.02_rtg_nnbaseline,7,-27.40900993347168
q4_search_b30000_lr0.02_rtg_nnbaseline,8,-58.43739318847656
q4_search_b30000_lr0.02_rtg_nnbaseline,9,-13.171334266662598
q4_search_b30000_lr0.02_rtg_nnbaseline,10,-26.83830451965332
q4_search_b30000_lr0.02_rtg_nnbaseline,11,-46.69003677368164
q4_search_b30000_lr0.02_rtg_nnbaseline,12,-10.984740257263184
q4_search_b30000_lr0.02_rtg_nnbaseline,13,-27.176122665405273
q4_search_b30000_lr0.02_rtg_nnbaseline,14,-13.53490924835205
q4_search_b30000_lr0.02_rtg_nnbaseline,15,-26.525634765625
q4_search_b30000_lr0.02_rtg_nnbaseline,16,-24.3132266998291
q4_search_b30000_lr0.02_rtg_nnbaseline,17,-0.5427605509757996
q4_search_b30000_lr0.02_rtg_nnbaseline,18,-39.6279411315918
q4_search_b30000_lr0.02_rtg_nnbaseline,19,-10.74081039428711
q4_search_b30000_lr0.02_rtg_nnbaseline,20,7.888246059417725
q4_search_b30000_lr0.02_rtg_nnbaseline,21,-6.457820415496826
q4_search_b30000_lr0.02_rtg_nnbaseline,22,33.807247161865234
q4_search_b30000_lr0.02_rtg_nnbaseline,23,13.51570987701416
q4_search_b30000_lr0.02_rtg_nnbaseline,24,-8.162562370300293
q4_search_b30000_lr0.02_rtg_nnbaseline,25,13.740862846374512
q4_search_b30000_lr0.02_rtg_nnbaseline,26,0.7676641345024109
q4_search_b30000_lr0.02_rtg_nnbaseline,27,40.13691711425781
q4_search_b30000_lr0.02_rtg_nnbaseline,28,34.14280319213867
q4_search_b30000_lr0.02_rtg_nnbaseline,29,49.95579147338867
q4_search_b30000_lr0.02_rtg_nnbaseline,30,36.733097076416016
q4_search_b30000_lr0.02_rtg_nnbaseline,31,44.61008834838867
q4_search_b30000_lr0.02_rtg_nnbaseline,32,101.74224090576172
q4_search_b30000_lr0.02_rtg_nnbaseline,33,63.61540603637695
q4_search_b30000_lr0.02_rtg_nnbaseline,34,80.03216552734375
q4_search_b30000_lr0.02_rtg_nnbaseline,35,68.1209945678711
q4_search_b30000_lr0.02_rtg_nnbaseline,36,74.72021484375
q4_search_b30000_lr0.02_rtg_nnbaseline,37,42.712554931640625
q4_search_b30000_lr0.02_rtg_nnbaseline,38,25.36942481994629
q4_search_b30000_lr0.02_rtg_nnbaseline,39,138.7476043701172
q4_search_b30000_lr0.02_rtg_nnbaseline,40,76.46564483642578
q4_search_b30000_lr0.02_rtg_nnbaseline,41,33.02943801879883
q4_search_b30000_lr0.02_rtg_nnbaseline,42,131.68482971191406
q4_search_b30000_lr0.02_rtg_nnbaseline,43,134.97442626953125
q4_search_b30000_lr0.02_rtg_nnbaseline,44,138.59593200683594
q4_search_b30000_lr0.02_rtg_nnbaseline,45,123.02544403076172
q4_search_b30000_lr0.02_rtg_nnbaseline,46,130.2784881591797
q4_search_b30000_lr0.02_rtg_nnbaseline,47,133.234130859375
q4_search_b30000_lr0.02_rtg_nnbaseline,48,140.4985809326172
q4_search_b30000_lr0.02_rtg_nnbaseline,49,170.13632202148438
q4_search_b30000_lr0.02_rtg_nnbaseline,50,189.24476623535156
q4_search_b30000_lr0.02_rtg_nnbaseline,51,158.83499145507812
q4_search_b30000_lr0.02_rtg_nnbaseline,52,70.55687713623047
q4_search_b30000_lr0.02_rtg_nnbaseline,53,128.928955078125
q4_search_b30000_lr0.02_rtg_nnbaseline,54,124.78357696533203
q4_search_b30000_lr0.02_rtg_nnbaseline,55,20.551925659179688
q4_search_b30000_lr0.02_rtg_nnbaseline,56,50.24654769897461
q4_search_b30000_lr0.02_rtg_nnbaseline,57,84.26166534423828
q4_search_b30000_lr0.02_rtg_nnbaseline,58,-75.07276153564453
q4_search_b30000_lr0.02_rtg_nnbaseline,59,-1.3622207641601562
q4_search_b30000_lr0.02_rtg_nnbaseline,60,155.2352752685547
q4_search_b30000_lr0.02_rtg_nnbaseline,61,107.02115631103516
q4_search_b30000_lr0.02_rtg_nnbaseline,62,197.4735870361328
q4_search_b30000_lr0.02_rtg_nnbaseline,63,167.8859100341797
q4_search_b30000_lr0.02_rtg_nnbaseline,64,166.64854431152344
q4_search_b30000_lr0.02_rtg_nnbaseline,65,210.4449462890625
q4_search_b30000_lr0.02_rtg_nnbaseline,66,95.43961334228516
q4_search_b30000_lr0.02_rtg_nnbaseline,67,156.82916259765625
q4_search_b30000_lr0.02_rtg_nnbaseline,68,190.0682373046875
q4_search_b30000_lr0.02_rtg_nnbaseline,69,172.39222717285156
q4_search_b30000_lr0.02_rtg_nnbaseline,70,167.19015502929688
q4_search_b30000_lr0.02_rtg_nnbaseline,71,180.6329803466797
q4_search_b30000_lr0.02_rtg_nnbaseline,72,158.44056701660156
q4_search_b30000_lr0.02_rtg_nnbaseline,73,171.31178283691406
q4_search_b30000_lr0.02_rtg_nnbaseline,74,203.9021759033203
q4_search_b30000_lr0.02_rtg_nnbaseline,75,125.64935302734375
q4_search_b30000_lr0.02_rtg_nnbaseline,76,204.9234619140625
q4_search_b30000_lr0.02_rtg_nnbaseline,77,145.8277130126953
q4_search_b30000_lr0.02_rtg_nnbaseline,78,116.82003021240234
q4_search_b30000_lr0.02_rtg_nnbaseline,79,85.08240509033203
q4_search_b30000_lr0.02_rtg_nnbaseline,80,140.53578186035156
q4_search_b30000_lr0.02_rtg_nnbaseline,81,164.0282440185547
q4_search_b30000_lr0.02_rtg_nnbaseline,82,201.9369659423828
q4_search_b30000_lr0.02_rtg_nnbaseline,83,236.1392822265625
q4_search_b30000_lr0.02_rtg_nnbaseline,84,157.29197692871094
q4_search_b30000_lr0.02_rtg_nnbaseline,85,227.9269561767578
q4_search_b30000_lr0.02_rtg_nnbaseline,86,183.8271026611328
q4_search_b30000_lr0.02_rtg_nnbaseline,87,209.9850311279297
q4_search_b30000_lr0.02_rtg_nnbaseline,88,204.6203155517578
q4_search_b30000_lr0.02_rtg_nnbaseline,89,201.875
q4_search_b30000_lr0.02_rtg_nnbaseline,90,200.3613739013672
q4_search_b30000_lr0.02_rtg_nnbaseline,91,210.413818359375
q4_search_b30000_lr0.02_rtg_nnbaseline,92,203.129638671875
q4_search_b30000_lr0.02_rtg_nnbaseline,93,109.19849395751953
q4_search_b30000_lr0.02_rtg_nnbaseline,94,50.99540328979492
q4_search_b30000_lr0.02_rtg_nnbaseline,95,167.52590942382812
q4_search_b30000_lr0.02_rtg_nnbaseline,96,121.06256103515625
q4_search_b30000_lr0.02_rtg_nnbaseline,97,151.8931427001953
q4_search_b30000_lr0.02_rtg_nnbaseline,98,107.7483901977539
q4_search_b30000_lr0.02_rtg_nnbaseline,99,93.401611328125
q4_search_b50000_lr0.005_rtg_nnbaseline,0,-81.6780014038086
q4_search_b50000_lr0.005_rtg_nnbaseline,1,-69.02095031738281
q4_search_b50000_lr0.005_rtg_nnbaseline,2,-107.27911376953125
q4_search_b50000_lr0.005_rtg_nnbaseline,3,-92.58309173583984
q4_search_b50000_lr0.005_rtg_nnbaseline,4,-99.5082015991211
q4_search_b50000_lr0.005_rtg_nnbaseline,5,-37.855464935302734
q4_search_b50000_lr0.005_rtg_nnbaseline,6,-79.02771759033203
q4_search_b50000_lr0.005_rtg_nnbaseline,7,-74.25704193115234
q4_search_b50000_lr0.005_rtg_nnbaseline,8,-95.96138763427734
q4_search_b50000_lr0.005_rtg_nnbaseline,9,-53.7733268737793
q4_search_b50000_lr0.005_rtg_nnbaseline,10,-65.08222198486328
q4_search_b50000_lr0.005_rtg_nnbaseline,11,-67.27459716796875
q4_search_b50000_lr0.005_rtg_nnbaseline,12,-59.81559753417969
q4_search_b50000_lr0.005_rtg_nnbaseline,13,-74.66072845458984
q4_search_b50000_lr0.005_rtg_nnbaseline,14,-66.32160186767578
q4_search_b50000_lr0.005_rtg_nnbaseline,15,-45.6937141418457
q4_search_b50000_lr0.005_rtg_nnbaseline,16,-64.15435791015625
q4_search_b50000_lr0.005_rtg_nnbaseline,17,-42.879791259765625
q4_search_b50000_lr0.005_rtg_nnbaseline,18,-61.124088287353516
q4_search_b50000_lr0.005_rtg_nnbaseline,19,-80.56075286865234
q4_search_b50000_lr0.005_rtg_nnbaseline,20,-36.65436935424805
q4_search_b50000_lr0.005_rtg_nnbaseline,21,-56.56814956665039
q4_search_b50000_lr0.005_rtg_nnbaseline,22,-71.47687530517578
q4_search_b50000_lr0.005_rtg_nnbaseline,23,-47.90401840209961
q4_search_b50000_lr0.005_rtg_nnbaseline,24,-43.21604919433594
q4_search_b50000_lr0.005_rtg_nnbaseline,25,-42.832210540771484
q4_search_b50000_lr0.005_rtg_nnbaseline,26,-72.25799560546875
q4_search_b50000_lr0.005_rtg_nnbaseline,27,-43.569087982177734
q4_search_b50000_lr0.005_rtg_nnbaseline,28,-33.96653366088867
q4_search_b50000_lr0.005_rtg_nnbaseline,29,-16.183839797973633
q4_search_b50000_lr0.005_rtg_nnbaseline,30,-43.635467529296875
q4_search_b50000_lr0.005_rtg_nnbaseline,31,-55.132320404052734
q4_search_b50000_lr0.005_rtg_nnbaseline,32,-46.78281784057617
q4_search_b50000_lr0.005_rtg_nnbaseline,33,-43.705875396728516
q4_search_b50000_lr0.005_rtg_nnbaseline,34,-39.291751861572266
q4_search_b50000_lr0.005_rtg_nnbaseline,35,-45.1776008605957
q4_search_b50000_lr0.005_rtg_nnbaseline,36,-57.17879104614258
q4_search_b50000_lr0.005_rtg_nnbaseline,37,-39.82172775268555
q4_search_b50000_lr0.005_rtg_nnbaseline,38,-19.635156631469727
q4_search_b50000_lr0.005_rtg_nnbaseline,39,-70.09716033935547
q4_search_b50000_lr0.005_rtg_nnbaseline,40,-13.802084922790527
q4_search_b50000_lr0.005_rtg_nnbaseline,41,-63.1502571105957
q4_search_b50000_lr0.005_rtg_nnbaseline,42,-42.32288360595703
q4_search_b50000_lr0.005_rtg_nnbaseline,43,-35.738380432128906
q4_search_b50000_lr0.005_rtg_nnbaseline,44,-35.851585388183594
q4_search_b50000_lr0.005_rtg_nnbaseline,45,-49.409175872802734
q4_search_b50000_lr0.005_rtg_nnbaseline,46,-47.851806640625
q4_search_b50000_lr0.005_rtg_nnbaseline,47,-44.56009292602539
q4_search_b50000_lr0.005_rtg_nnbaseline,48,-41.06156921386719
q4_search_b50000_lr0.005_rtg_nnbaseline,49,-30.258657455444336
q4_search_b50000_lr0.005_rtg_nnbaseline,50,-38.20429992675781
q4_search_b50000_lr0.005_rtg_nnbaseline,51,-46.700042724609375
q4_search_b50000_lr0.005_rtg_nnbaseline,52,-21.38092613220215
q4_search_b50000_lr0.005_rtg_nnbaseline,53,-26.889175415039062
q4_search_b50000_lr0.005_rtg_nnbaseline,54,-25.299428939819336
q4_search_b50000_lr0.005_rtg_nnbaseline,55,-23.191118240356445
q4_search_b50000_lr0.005_rtg_nnbaseline,56,-21.049821853637695
q4_search_b50000_lr0.005_rtg_nnbaseline,57,-14.96514892578125
q4_search_b50000_lr0.005_rtg_nnbaseline,58,-6.405806064605713
q4_search_b50000_lr0.005_rtg_nnbaseline,59,-19.687929153442383
q4_search_b50000_lr0.005_rtg_nnbaseline,60,-22.643028259277344
q4_search_b50000_lr0.005_rtg_nnbaseline,61,-29.41768455505371
q4_search_b50000_lr0.005_rtg_nnbaseline,62,-24.75080680847168
q4_search_b50000_lr0.005_rtg_nnbaseline,63,-20.701416015625
q4_search_b50000_lr0.005_rtg_nnbaseline,64,-8.443642616271973
q4_search_b50000_lr0.005_rtg_nnbaseline,65,-12.372868537902832
q4_search_b50000_lr0.005_rtg_nnbaseline,66,-11.397982597351074
q4_search_b50000_lr0.005_rtg_nnbaseline,67,18.126890182495117
q4_search_b50000_lr0.005_rtg_nnbaseline,68,-23.894495010375977
q4_search_b50000_lr0.005_rtg_nnbaseline,69,-12.883402824401855
q4_search_b50000_lr0.005_rtg_nnbaseline,70,-5.564628601074219
q4_search_b50000_lr0.005_rtg_nnbaseline,71,-5.661255359649658
q4_search_b50000_lr0.005_rtg_nnbaseline,72,8.4868745803833
q4_search_b50000_lr0.005_rtg_nnbaseline,73,-2.6272895336151123
q4_search_b50000_lr0.005_rtg_nnbaseline,74,-3.7520735263824463
q4_search_b50000_lr0.005_rtg_nnbaseline,75,6.02423620223999
q4_search_b50000_lr0.005_rtg_nnbaseline,76,9.602608680725098
q4_search_b50000_lr0.005_rtg_nnbaseline,77,8.632912635803223
q4_search_b50000_lr0.005_rtg_nnbaseline,78,4.798187732696533
q4_search_b50000_lr0.005_rtg_nnbaseline,79,-14.985142707824707
q4_search_b50000_lr0.005_rtg_nnbaseline,80,22.840761184692383
q4_search_b50000_lr0.005_rtg_nnbaseline,81,1.2697092294692993
q4_search_b50000_lr0.005_rtg_nnbaseline,82,26.60762596130371
q4_search_b50000_lr0.005_rtg_nnbaseline,83,12.241402626037598
q4_search_b50000_lr0.005_rtg_nnbaseline,84,-1.233342170715332
q4_search_b50000_lr0.005_rtg_nnbaseline,85,38.090057373046875
q4_search_b50000_lr0.005_rtg_nnbaseline,86,27.484506607055664
q4_search_b50000_lr0.005_rtg_nnbaseline,87,29.25282096862793
q4_search_b50000_lr0.005_rtg_nnbaseline,88,36.44905090332031
q4_search_b50000_lr0.005_rtg_nnbaseline,89,17.774499893188477
q4_search_b50000_lr0.005_rtg_nnbaseline,90,26.289337158203125
q4_search_b50000_lr0.005_rtg_nnbaseline,91,41.36098861694336
q4_search_b50000_lr0.005_rtg_nnbaseline,92,37.954097747802734
q4_search_b50000_lr0.005_rtg_nnbaseline,93,28.32264518737793
q4_search_b50000_lr0.005_rtg_nnbaseline,94,49.15507125854492
q4_search_b50000_lr0.005_rtg_nnbaseline,95,44.55348587036133
q4_search_b50000_lr0.005_rtg_nnbaseline,96,38.058223724365234
q4_search_b50000_lr0.005_rtg_nnbaseline,97,66.32266235351562
q4_search_b50000_lr0.005_rtg_nnbaseline,98,73.52696990966797
q4_search_b50000_lr0.005_rtg_nnbaseline,99,41.067195892333984
q4_search_b50000_lr0.01_rtg_nnbaseline,0,-75.36749267578125
q4_search_b50000_lr0.01_rtg_nnbaseline,1,-88.58386993408203
q4_search_b50000_lr0.01_rtg_nnbaseline,2,-91.5725326538086
q4_search_b50000_lr0.01_rtg_nnbaseline,3,-60.07395553588867
q4_search_b50000_lr0.01_rtg_nnbaseline,4,-71.23126220703125
q4_search_b50000_lr0.01_rtg_nnbaseline,5,-72.78988647460938
q4_search_b50000_lr0.01_rtg_nnbaseline,6,-93.0743408203125
q4_search_b50000_lr0.01_rtg_nnbaseline,7,-78.82877349853516
q4_search_b50000_lr0.01_rtg_nnbaseline,8,-46.3369026184082
q4_search_b50000_lr0.01_rtg_nnbaseline,9,-73.32286834716797
q4_search_b50000_lr0.01_rtg_nnbaseline,10,-44.18025207519531
q4_search_b50000_lr0.01_rtg_nnbaseline,11,-59.02647399902344
q4_search_b50000_lr0.01_rtg_nnbaseline,12,-28.71619987487793
q4_search_b50000_lr0.01_rtg_nnbaseline,13,-41.20323181152344
q4_search_b50000_lr0.01_rtg_nnbaseline,14,-78.57330322265625
q4_search_b50000_lr0.01_rtg_nnbaseline,15,-52.42567825317383
q4_search_b50000_lr0.01_rtg_nnbaseline,16,-28.593917846679688
q4_search_b50000_lr0.01_rtg_nnbaseline,17,-52.87953186035156
q4_search_b50000_lr0.01_rtg_nnbaseline,18,-29.453004837036133
q4_search_b50000_lr0.01_rtg_nnbaseline,19,-51.90970230102539
q4_search_b50000_lr0.01_rtg_nnbaseline,20,-43.03597640991211
q4_search_b50000_lr0.01_rtg_nnbaseline,21,-31.78599739074707
q4_search_b50000_lr0.01_rtg_nnbaseline,22,-28.349998474121094
q4_search_b50000_lr0.01_rtg_nnbaseline,23,-30.692596435546875
q4_search_b50000_lr0.01_rtg_nnbaseline,24,-51.967041015625
q4_search_b50000_lr0.01_rtg_nnbaseline,25,-37.68928527832031
q4_search_b50000_lr0.01_rtg_nnbaseline,26,-49.87209701538086
q4_search_b50000_lr0.01_rtg_nnbaseline,27,-27.97422218322754
q4_search_b50000_lr0.01_rtg_nnbaseline,28,-29.305564880371094
q4_search_b50000_lr0.01_rtg_nnbaseline,29,-23.0637149810791
q4_search_b50000_lr0.01_rtg_nnbaseline,30,-30.709199905395508
q4_search_b50000_lr0.01_rtg_nnbaseline,31,-38.22524642944336
q4_search_b50000_lr0.01_rtg_nnbaseline,32,-24.0491943359375
q4_search_b50000_lr0.01_rtg_nnbaseline,33,-18.071313858032227
q4_search_b50000_lr0.01_rtg_nnbaseline,34,-36.26481628417969
q4_search_b50000_lr0.01_rtg_nnbaseline,35,-27.033700942993164
q4_search_b50000_lr0.01_rtg_nnbaseline,36,-29.86505699157715
q4_search_b50000_lr0.01_rtg_nnbaseline,37,-18.1248779296875
q4_search_b50000_lr0.01_rtg_nnbaseline,38,-13.307429313659668
q4_search_b50000_lr0.01_rtg_nnbaseline,39,-14.045212745666504
q4_search_b50000_lr0.01_rtg_nnbaseline,40,-2.0822575092315674
q4_search_b50000_lr0.01_rtg_nnbaseline,41,-28.87554359436035
q4_search_b50000_lr0.01_rtg_nnbaseline,42,-13.968945503234863
q4_search_b50000_lr0.01_rtg_nnbaseline,43,-19.525663375854492
q4_search_b50000_lr0.01_rtg_nnbaseline,44,-1.2908039093017578
q4_search_b50000_lr0.01_rtg_nnbaseline,45,0.2383066862821579
q4_search_b50000_lr0.01_rtg_nnbaseline,46,6.804769039154053
q4_search_b50000_lr0.01_rtg_nnbaseline,47,0.04566001892089844
q4_search_b50000_lr0.01_rtg_nnbaseline,48,16.14937973022461
q4_search_b50000_lr0.01_rtg_nnbaseline,49,29.288991928100586
q4_search_b50000_lr0.01_rtg_nnbaseline,50,35.08400344848633
q4_search_b50000_lr0.01_rtg_nnbaseline,51,41.5576171875
q4_search_b50000_lr0.01_rtg_nnbaseline,52,34.74338912963867
q4_search_b50000_lr0.01_rtg_nnbaseline,53,18.13764190673828
q4_search_b50000_lr0.01_rtg_nnbaseline,54,34.061893463134766
q4_search_b50000_lr0.01_rtg_nnbaseline,55,33.425872802734375
q4_search_b50000_lr0.01_rtg_nnbaseline,56,43.3540153503418
q4_search_b50000_lr0.01_rtg_nnbaseline,57,34.01957702636719
q4_search_b50000_lr0.01_rtg_nnbaseline,58,52.577911376953125
q4_search_b50000_lr0.01_rtg_nnbaseline,59,68.76852416992188
q4_search_b50000_lr0.01_rtg_nnbaseline,60,58.96321487426758
q4_search_b50000_lr0.01_rtg_nnbaseline,61,66.08211517333984
q4_search_b50000_lr0.01_rtg_nnbaseline,62,78.02635955810547
q4_search_b50000_lr0.01_rtg_nnbaseline,63,60.903690338134766
q4_search_b50000_lr0.01_rtg_nnbaseline,64,73.4095458984375
q4_search_b50000_lr0.01_rtg_nnbaseline,65,92.29962158203125
q4_search_b50000_lr0.01_rtg_nnbaseline,66,81.13119506835938
q4_search_b50000_lr0.01_rtg_nnbaseline,67,91.85462188720703
q4_search_b50000_lr0.01_rtg_nnbaseline,68,96.7290267944336
q4_search_b50000_lr0.01_rtg_nnbaseline,69,89.4550552368164
q4_search_b50000_lr0.01_rtg_nnbaseline,70,87.2881088256836
q4_search_b50000_lr0.01_rtg_nnbaseline,71,92.99478149414062
q4_search_b50000_lr0.01_rtg_nnbaseline,72,110.8917007446289
q4_search_b50000_lr0.01_rtg_nnbaseline,73,71.12059783935547
q4_search_b50000_lr0.01_rtg_nnbaseline,74,103.7777328491211
q4_search_b50000_lr0.01_rtg_nnbaseline,75,114.7777099609375
q4_search_b50000_lr0.01_rtg_nnbaseline,76,106.14801025390625
q4_search_b50000_lr0.01_rtg_nnbaseline,77,102.080078125
q4_search_b50000_lr0.01_rtg_nnbaseline,78,96.6727294921875
q4_search_b50000_lr0.01_rtg_nnbaseline,79,83.56432342529297
q4_search_b50000_lr0.01_rtg_nnbaseline,80,117.52938842773438
q4_search_b50000_lr0.01_rtg_nnbaseline,81,109.77032470703125
q4_search_b50000_lr0.01_rtg_nnbaseline,82,98.65442657470703
q4_search_b50000_lr0.01_rtg_nnbaseline,83,124.96805572509766
q4_search_b50000_lr0.01_rtg_nnbaseline,84,89.04508209228516
q4_search_b50000_lr0.01_rtg_nnbaseline,85,132.09376525878906
q4_search_b50000_lr0.01_rtg_nnbaseline,86,126.53520965576172
q4_search_b50000_lr0.01_rtg_nnbaseline,87,131.76097106933594
q4_search_b50000_lr0.01_rtg_nnbaseline,88,115.51920318603516
q4_search_b50000_lr0.01_rtg_nnbaseline,89,109.26128387451172
q4_search_b50000_lr0.01_rtg_nnbaseline,90,125.93561553955078
q4_search_b50000_lr0.01_rtg_nnbaseline,91,111.76065826416016
q4_search_b50000_lr0.01_rtg_nnbaseline,92,135.2643585205078
q4_search_b50000_lr0.01_rtg_nnbaseline,93,144.689208984375
q4_search_b50000_lr0.01_rtg_nnbaseline,94,123.00652313232422
q4_search_b50000_lr0.01_rtg_nnbaseline,95,118.1759033203125
q4_search_b50000_lr0.01_rtg_nnbaseline,96,129.88621520996094
q4_search_b50000_lr0.01_rtg_nnbaseline,97,151.2538604736328
q4_search_b50000_lr0.01_rtg_nnbaseline,98,137.76219177246094
q4_search_b50000_lr0.01_rtg_nnbaseline,99,99.62369537353516
q4_search_b50000_lr0.02_rtg_nnbaseline,0,-82.43567657470703
q4_search_b50000_lr0.02_rtg_nnbaseline,1,-71.68383026123047
q4_search_b50000_lr0.02_rtg_nnbaseline,2,-65.48542022705078
q4_search_b50000_lr0.02_rtg_nnbaseline,3,-44.849578857421875
q4_search_b50000_lr0.02_rtg_nnbaseline,4,-82.39410400390625
q4_search_b50000_lr0.02_rtg_nnbaseline,5,-45.427860260009766
q4_search_b50000_lr0.02_rtg_nnbaseline,6,-51.53814697265625
q4_search_b50000_lr0.02_rtg_nnbaseline,7,-77.4978256225586
q4_search_b50000_lr0.02_rtg_nnbaseline,8,-62.26496505737305
q4_search_b50000_lr0.02_rtg_nnbaseline,9,-24.982147216796875
q4_search_b50000_lr0.02_rtg_nnbaseline,10,-60.72622299194336
q4_search_b50000_lr0.02_rtg_nnbaseline,11,-41.508201599121094
q4_search_b50000_lr0.02_rtg_nnbaseline,12,-29.766151428222656
q4_search_b50000_lr0.02_rtg_nnbaseline,13,-19.717256546020508
q4_search_b50000_lr0.02_rtg_nnbaseline,14,-42.09286880493164
q4_search_b50000_lr0.02_rtg_nnbaseline,15,-33.12956237792969
q4_search_b50000_lr0.02_rtg_nnbaseline,16,-29.696279525756836
q4_search_b50000_lr0.02_rtg_nnbaseline,17,-22.059518814086914
q4_search_b50000_lr0.02_rtg_nnbaseline,18,-33.252254486083984
q4_search_b50000_lr0.02_rtg_nnbaseline,19,-18.2230281829834
q4_search_b50000_lr0.02_rtg_nnbaseline,20,-28.756948471069336
q4_search_b50000_lr0.02_rtg_nnbaseline,21,-0.1842377930879593
q4_search_b50000_lr0.02_rtg_nnbaseline,22,-31.732406616210938
q4_search_b50000_lr0.02_rtg_nnbaseline,23,-5.144707202911377
q4_search_b50000_lr0.02_rtg_nnbaseline,24,-14.629925727844238
q4_search_b50000_lr0.02_rtg_nnbaseline,25,-6.086073398590088
q4_search_b50000_lr0.02_rtg_nnbaseline,26,0.39602646231651306
q4_search_b50000_lr0.02_rtg_nnbaseline,27,6.491855621337891
q4_search_b50000_lr0.02_rtg_nnbaseline,28,2.8368072509765625
q4_search_b50000_lr0.02_rtg_nnbaseline,29,2.3856773376464844
q4_search_b50000_lr0.02_rtg_nnbaseline,30,4.515640735626221
q4_search_b50000_lr0.02_rtg_nnbaseline,31,-2.1058833599090576
q4_search_b50000_lr0.02_rtg_nnbaseline,32,-2.8947341442108154
q4_search_b50000_lr0.02_rtg_nnbaseline,33,11.281684875488281
q4_search_b50000_lr0.02_rtg_nnbaseline,34,24.734312057495117
q4_search_b50000_lr0.02_rtg_nnbaseline,35,33.391387939453125
q4_search_b50000_lr0.02_rtg_nnbaseline,36,38.338504791259766
q4_search_b50000_lr0.02_rtg_nnbaseline,37,44.4899787902832
q4_search_b50000_lr0.02_rtg_nnbaseline,38,56.931766510009766
q4_search_b50000_lr0.02_rtg_nnbaseline,39,54.80634689331055
q4_search_b50000_lr0.02_rtg_nnbaseline,40,62.89707565307617
q4_search_b50000_lr0.02_rtg_nnbaseline,41,45.80918884277344
q4_search_b50000_lr0.02_rtg_nnbaseline,42,57.538482666015625
q4_search_b50000_lr0.02_rtg_nnbaseline,43,52.245853424072266
q4_search_b50000_lr0.02_rtg_nnbaseline,44,61.85756301879883
q4_search_b50000_lr0.02_rtg_nnbaseline,45,54.43899917602539
q4_search_b50000_lr0.02_rtg_nnbaseline,46,73.78387451171875
q4_search_b50000_lr0.02_rtg_nnbaseline,47,85.31119537353516
q4_search_b50000_lr0.02_rtg_nnbaseline,48,65.24848937988281
q4_search_b50000_lr0.02_rtg_nnbaseline,49,79.17594909667969
q4_search_b50000_lr0.02_rtg_nnbaseline,50,96.55001831054688
q4_search_b50000_lr0.02_rtg_nnbaseline,51,101.85993194580078
q4_search_b50000_lr0.02_rtg_nnbaseline,52,93.97531127929688
q4_search_b50000_lr0.02_rtg_nnbaseline,53,65.80875396728516
q4_search_b50000_lr0.02_rtg_nnbaseline,54,89.65819549560547
q4_search_b50000_lr0.02_rtg_nnbaseline,55,94.91827392578125
q4_search_b50000_lr0.02_rtg_nnbaseline,56,114.7115249633789
q4_search_b50000_lr0.02_rtg_nnbaseline,57,108.0584487915039
q4_search_b50000_lr0.02_rtg_nnbaseline,58,111.61880493164062
q4_search_b50000_lr0.02_rtg_nnbaseline,59,98.847900390625
q4_search_b50000_lr0.02_rtg_nnbaseline,60,117.5971908569336
q4_search_b50000_lr0.02_rtg_nnbaseline,61,111.3393325805664
q4_search_b50000_lr0.02_rtg_nnbaseline,62,109.88534545898438
q4_search_b50000_lr0.02_rtg_nnbaseline,63,102.89290618896484
q4_search_b50000_lr0.02_rtg_nnbaseline,64,123.27178955078125
q4_search_b50000_lr0.02_rtg_nnbaseline,65,105.9319076538086
q4_search_b50000_lr0.02_rtg_nnbaseline,66,108.15074920654297
q4_search_b50000_lr0.02_rtg_nnbaseline,67,114.02011108398438
q4_search_b50000_lr0.02_rtg_nnbaseline,68,131.46524047851562
q4_search_b50000_lr0.02_rtg_nnbaseline,69,138.04478454589844
q4_search_b50000_lr0.02_rtg_nnbaseline,70,127.67816162109375
q4_search_b50000_lr0.02_rtg_nnbaseline,71,110.17337799072266
q4_search_b50000_lr0.02_rtg_nnbaseline,72,138.7948455810547
q4_search_b50000_lr0.02_rtg_nnbaseline,73,135.4784393310547
q4_search_b50000_lr0.02_rtg_nnbaseline,74,122.26483154296875
q4_search_b50000_lr0.02_rtg_nnbaseline,75,136.89410400390625
q4_search_b50000_lr0.02_rtg_nnbaseline,76,142.96778869628906
q4_search_b50000_lr0.02_rtg_nnbaseline,77,124.44134521484375
q4_search_b50000_lr0.02_rtg_nnbaseline,78,148.1343994140625
q4_search_b50000_lr0.02_rtg_nnbaseline,79,131.5890350341797
q4_search_b50000_lr0.02_rtg_nnbaseline,80,143.0065155029297
q4_search_b50000_lr0.02_rtg_nnbaseline,81,132.48011779785156
q4_search_b50000_lr0.02_rtg_nnbaseline,82,142.31939697265625
q4_search_b50000_lr0.02_rtg_nnbaseline,83,137.1582489013672
q4_search_b50000_lr0.02_rtg_nnbaseline,84,127.63823699951172
q4_search_b50000_lr0.02_rtg_nnbaseline,85,145.5103302001953
q4_search_b50000_lr0.02_rtg_nnbaseline,86,164.51365661621094
q4_search_b50000_lr0.02_rtg_nnbaseline,87,127.36357879638672
q4_search_b50000_lr0.02_rtg_nnbaseline,88,137.4588165283203
q4_search_b50000_lr0.02_rtg_nnbaseline,89,139.70724487304688
q4_search_b50000_lr0.02_rtg_nnbaseline,90,127.29813385009766
q4_search_b50000_lr0.02_rtg_nnbaseline,91,132.0097198486328
q4_search_b50000_lr0.02_rtg_nnbaseline,92,139.2280731201172
q4_search_b50000_lr0.02_rtg_nnbaseline,93,132.5779266357422
q4_search_b50000_lr0.02_rtg_nnbaseline,94,154.4644317626953
q4_search_b50000_lr0.02_rtg_nnbaseline,95,160.63217163085938
q4_search_b50000_lr0.02_rtg_nnbaseline,96,159.1077117919922
q4_search_b50000_lr0.02_rtg_nnbaseline,97,138.41078186035156
q4_search_b50000_lr0.02_rtg_nnbaseline,98,153.05020141601562
q4_search_b50000_lr0.02_rtg_nnbaseline,99,167.28453063964844
q4_b10000_r0.02,0,-63.282806396484375
q4_b10000_r0.02,1,-86.24771881103516
q4_b10000_r0.02,2,-111.7848129272461
q4_b10000_r0.02,3,-102.16357421875
q4_b10000_r0.02,4,-78.7817611694336
q4_b10000_r0.02,5,-97.86031341552734
q4_b10000_r0.02,6,-122.4554672241211
q4_b10000_r0.02,7,-178.6551513671875
q4_b10000_r0.02,8,-98.89523315429688
q4_b10000_r0.02,9,-114.73721313476562
q4_b10000_r0.02,10,-167.1813507080078
q4_b10000_r0.02,11,-164.0082550048828
q4_b10000_r0.02,12,-143.548095703125
q4_b10000_r0.02,13,-129.31015014648438
q4_b10000_r0.02,14,-188.9993438720703
q4_b10000_r0.02,15,-207.5559539794922
q4_b10000_r0.02,16,-106.6874008178711
q4_b10000_r0.02,17,-150.364990234375
q4_b10000_r0.02,18,-150.18019104003906
q4_b10000_r0.02,19,-190.63914489746094
q4_b10000_r0.02,20,-154.60415649414062
q4_b10000_r0.02,21,-218.8390350341797
q4_b10000_r0.02,22,-194.0688018798828
q4_b10000_r0.02,23,-222.62474060058594
q4_b10000_r0.02,24,-210.2337188720703
q4_b10000_r0.02,25,-242.0003662109375
q4_b10000_r0.02,26,-198.95916748046875
q4_b10000_r0.02,27,-192.97117614746094
q4_b10000_r0.02,28,-196.85691833496094
q4_b10000_r0.02,29,-223.3811492919922
q4_b10000_r0.02,30,-237.75518798828125
q4_b10000_r0.02,31,-210.11083984375
q4_b10000_r0.02,32,-224.90618896484375
q4_b10000_r0.02,33,-217.53009033203125
q4_b10000_r0.02,34,-154.71331787109375
q4_b10000_r0.02,35,-179.7741241455078
q4_b10000_r0.02,36,-192.70176696777344
q4_b10000_r0.02,37,-177.1014404296875
q4_b10000_r0.02,38,-159.1270294189453
q4_b10000_r0.02,39,-211.17161560058594
q4_b10000_r0.02,40,-187.373779296875
q4_b10000_r0.02,41,-204.7781982421875
q4_b10000_r0.02,42,-171.59112548828125
q4_b10000_r0.02,43,-192.39801025390625
q4_b10000_r0.02,44,-157.09226989746094
q4_b10000_r0.02,45,-207.2372589111328
q4_b10000_r0.02,46,-167.82322692871094
q4_b10000_r0.02,47,-158.22035217285156
q4_b10000_r0.02,48,-189.0003662109375
q4_b10000_r0.02,49,-179.8425750732422
q4_b10000_r0.02,50,-154.37078857421875
q4_b10000_r0.02,51,-128.91981506347656
q4_b10000_r0.02,52,-97.90984344482422
q4_b10000_r0.02,53,-66.85400390625
q4_b10000_r0.02,54,-117.47565460205078
q4_b10000_r0.02,55,-118.38555145263672
q4_b10000_r0.02,56,-105.91561889648438
q4_b10000_r0.02,57,-110.40201568603516
q4_b10000_r0.02,58,-115.8718490600586
q4_b10000_r0.02,59,-133.7181854248047
q4_b10000_r0.02,60,-109.28094482421875
q4_b10000_r0.02,61,-106.25252532958984
q4_b10000_r0.02,62,-71.76276397705078
q4_b10000_r0.02,63,-71.13259887695312
q4_b10000_r0.02,64,-67.6774673461914
q4_b10000_r0.02,65,-66.98062133789062
q4_b10000_r0.02,66,-53.267093658447266
q4_b10000_r0.02,67,-58.8687858581543
q4_b10000_r0.02,68,-69.6196517944336
q4_b10000_r0.02,69,-51.17437744140625
q4_b10000_r0.02,70,-51.01630783081055
q4_b10000_r0.02,71,-51.237796783447266
q4_b10000_r0.02,72,-46.131744384765625
q4_b10000_r0.02,73,-44.93155288696289
q4_b10000_r0.02,74,-52.21879196166992
q4_b10000_r0.02,75,-66.6264877319336
q4_b10000_r0.02,76,-80.4991226196289
q4_b10000_r0.02,77,-43.34305953979492
q4_b10000_r0.02,78,-82.61945343017578
q4_b10000_r0.02,79,-47.35693359375
q4_b10000_r0.02,80,-95.99956512451172
q4_b10000_r0.02,81,-63.411895751953125
q4_b10000_r0.02,82,-70.5263900756836
q4_b10000_r0.02,83,-83.52114868164062
q4_b10000_r0.02,84,-72.88621520996094
q4_b10000_r0.02,85,-58.782135009765625
q4_b10000_r0.02,86,-72.23274230957031
q4_b10000_r0.02,87,-71.35313415527344
q4_b10000_r0.02,88,-96.900390625
q4_b10000_r0.02,89,-99.47257232666016
q4_b10000_r0.02,90,-115.3675765991211
q4_b10000_r0.02,91,-73.53629302978516
q4_b10000_r0.02,92,-89.27547454833984
q4_b10000_r0.02,93,-65.3329086303711
q4_b10000_r0.02,94,-61.92325210571289
q4_b10000_r0.02,95,-64.68663024902344
q4_b10000_r0.02,96,-49.904541015625
q4_b10000_r0.02,97,-83.38431549072266
q4_b10000_r0.02,98,-84.30553436279297
q4_b10000_r0.02,99,-60.22883987426758
q4_b10000_r0.02_rtg,0,-77.01390838623047
q4_b10000_r0.02_rtg,1,-88.34626007080078
q4_b10000_r0.02_rtg,2,-79.52397918701172
q4_b10000_r0.02_rtg,3,-36.14189147949219
q4_b10000_r0.02_rtg,4,-38.99098205566406
q4_b10000_r0.02_rtg,5,-39.96419143676758
q4_b10000_r0.02_rtg,6,-55.74812316894531
q4_b10000_r0.02_rtg,7,-85.24394989013672
q4_b10000_r0.02_rtg,8,-58.16035842895508
q4_b10000_r0.02_rtg,9,-66.15294647216797
q4_b10000_r0.02_rtg,10,-58.732666015625
q4_b10000_r0.02_rtg,11,-46.56673812866211
q4_b10000_r0.02_rtg,12,-67.70346069335938
q4_b10000_r0.02_rtg,13,-28.63124656677246
q4_b10000_r0.02_rtg,14,-29.41526985168457
q4_b10000_r0.02_rtg,15,-51.44854736328125
q4_b10000_r0.02_rtg,16,-18.19072723388672
q4_b10000_r0.02_rtg,17,-23.08207130432129
q4_b10000_r0.02_rtg,18,-24.023576736450195
q4_b10000_r0.02_rtg,19,4.82784366607666
q4_b10000_r0.02_rtg,20,-17.226966857910156
q4_b10000_r0.02_rtg,21,-3.179814100265503
q4_b10000_r0.02_rtg,22,-58.36691665649414
q4_b10000_r0.02_rtg,23,4.3793816566467285
q4_b10000_r0.02_rtg,24,33.06135940551758
q4_b10000_r0.02_rtg,25,-2.742825508117676
q4_b10000_r0.02_rtg,26,-15.577796936035156
q4_b10000_r0.02_rtg,27,-20.664995193481445
q4_b10000_r0.02_rtg,28,6.316553115844727
q4_b10000_r0.02_rtg,29,24.3323917388916
q4_b10000_r0.02_rtg,30,-20.881885528564453
q4_b10000_r0.02_rtg,31,-26.8350772857666
q4_b10000_r0.02_rtg,32,-3.2806708812713623
q4_b10000_r0.02_rtg,33,-22.354001998901367
q4_b10000_r0.02_rtg,34,-18.147783279418945
q4_b10000_r0.02_rtg,35,-8.091263771057129
q4_b10000_r0.02_rtg,36,-5.106603145599365
q4_b10000_r0.02_rtg,37,-14.450851440429688
q4_b10000_r0.02_rtg,38,10.932685852050781
q4_b10000_r0.02_rtg,39,-11.630208015441895
q4_b10000_r0.02_rtg,40,-23.1623592376709
q4_b10000_r0.02_rtg,41,-7.937062740325928
q4_b10000_r0.02_rtg,42,-33.92387008666992
q4_b10000_r0.02_rtg,43,11.954514503479004
q4_b10000_r0.02_rtg,44,18.269800186157227
q4_b10000_r0.02_rtg,45,-5.463106632232666
q4_b10000_r0.02_rtg,46,7.270070552825928
q4_b10000_r0.02_rtg,47,6.086442947387695
q4_b10000_r0.02_rtg,48,8.75648021697998
q4_b10000_r0.02_rtg,49,11.220572471618652
q4_b10000_r0.02_rtg,50,-5.262213706970215
q4_b10000_r0.02_rtg,51,3.208522081375122
q4_b10000_r0.02_rtg,52,6.204776287078857
q4_b10000_r0.02_rtg,53,5.809642314910889
q4_b10000_r0.02_rtg,54,8.773147583007812
q4_b10000_r0.02_rtg,55,-5.071131229400635
q4_b10000_r0.02_rtg,56,15.660616874694824
q4_b10000_r0.02_rtg,57,22.404815673828125
q4_b10000_r0.02_rtg,58,39.551273345947266
q4_b10000_r0.02_rtg,59,43.4897346496582
q4_b10000_r0.02_rtg,60,33.32160568237305
q4_b10000_r0.02_rtg,61,14.269378662109375
q4_b10000_r0.02_rtg,62,11.782551765441895
q4_b10000_r0.02_rtg,63,17.5755558013916
q4_b10000_r0.02_rtg,64,42.8478889465332
q4_b10000_r0.02_rtg,65,40.9046630859375
q4_b10000_r0.02_rtg,66,25.306249618530273
q4_b10000_r0.02_rtg,67,22.1450252532959
q4_b10000_r0.02_rtg,68,29.762670516967773
q4_b10000_r0.02_rtg,69,31.448333740234375
q4_b10000_r0.02_rtg,70,30.18574333190918
q4_b10000_r0.02_rtg,71,39.430084228515625
q4_b10000_r0.02_rtg,72,62.40309524536133
q4_b10000_r0.02_rtg,73,68.63109588623047
q4_b10000_r0.02_rtg,74,60.07979202270508
q4_b10000_r0.02_rtg,75,67.0427474975586
q4_b10000_r0.02_rtg,76,45.77191162109375
q4_b10000_r0.02_rtg,77,11.63782024383545
q4_b10000_r0.02_rtg,78,34.26193618774414
q4_b10000_r0.02_rtg,79,48.17350387573242
q4_b10000_r0.02_rtg,80,66.53116607666016
q4_b10000_r0.02_rtg,81,46.25126647949219
q4_b10000_r0.02_rtg,82,70.11420440673828
q4_b10000_r0.02_rtg,83,56.04961013793945
q4_b10000_r0.02_rtg,84,69.7520751953125
q4_b10000_r0.02_rtg,85,89.15250396728516
q4_b10000_r0.02_rtg,86,75.71854400634766
q4_b10000_r0.02_rtg,87,51.03616714477539
q4_b10000_r0.02_rtg,88,94.3480224609375
q4_b10000_r0.02_rtg,89,79.84758758544922
q4_b10000_r0.02_rtg,90,97.26705169677734
q4_b10000_r0.02_rtg,91,72.3686294555664
q4_b10000_r0.02_rtg,92,63.32060241699219
q4_b10000_r0.02_rtg,93,64.89579010009766
q4_b10000_r0.02_rtg,94,16.512693405151367
q4_b10000_r0.02_rtg,95,16.020673751831055
q4_b10000_r0.02_rtg,96,33.336524963378906
q4_b10000_r0.02_rtg,97,30.70664405822754
q4_b10000_r0.02_rtg,98,29.840423583984375
q4_b10000_r0.02_rtg,99,20.733457565307617
q4_b10000_r0.02_nnbaseline,0,-89.8365707397461
q4_b10000_r0.02_nnbaseline,1,-83.69193267822266
q4_b10000_r0.02_nnbaseline,2,-120.34011840820312
q4_b10000_r0.02_nnbaseline,3,-70.80571746826172
q4_b10000_r0.02_nnbaseline,4,-104.73693084716797
q4_b10000_r0.02_nnbaseline,5,-111.40939331054688
q4_b10000_r0.02_nnbaseline,6,-151.23709106445312
q4_b10000_r0.02_nnbaseline,7,-110.333984375
q4_b10000_r0.02_nnbaseline,8,-108.4944839477539
q4_b10000_r0.02_nnbaseline,9,-175.4107208251953
q4_b10000_r0.02_nnbaseline,10,-108.1580810546875
q4_b10000_r0.02_nnbaseline,11,-123.3868179321289
q4_b10000_r0.02_nnbaseline,12,-155.17674255371094
q4_b10000_r0.02_nnbaseline,13,-113.1454849243164
q4_b10000_r0.02_nnbaseline,14,-101.77847290039062
q4_b10000_r0.02_nnbaseline,15,-85.818603515625
q4_b10000_r0.02_nnbaseline,16,-125.14459228515625
q4_b10000_r0.02_nnbaseline,17,-112.63692474365234
q4_b10000_r0.02_nnbaseline,18,-85.14171600341797
q4_b10000_r0.02_nnbaseline,19,-123.95980072021484
q4_b10000_r0.02_nnbaseline,20,-74.6013412475586
q4_b10000_r0.02_nnbaseline,21,-96.7148666381836
q4_b10000_r0.02_nnbaseline,22,-104.32466888427734
q4_b10000_r0.02_nnbaseline,23,-113.578369140625
q4_b10000_r0.02_nnbaseline,24,-100.6329345703125
q4_b10000_r0.02_nnbaseline,25,-119.81805419921875
q4_b10000_r0.02_nnbaseline,26,-87.31592559814453
q4_b10000_r0.02_nnbaseline,27,-137.9079132080078
q4_b10000_r0.02_nnbaseline,28,-165.3404083251953
q4_b10000_r0.02_nnbaseline,29,-116.2310791015625
q4_b10000_r0.02_nnbaseline,30,-147.59735107421875
q4_b10000_r0.02_nnbaseline,31,-184.366455078125
q4_b10000_r0.02_nnbaseline,32,-171.55165100097656
q4_b10000_r0.02_nnbaseline,33,-165.55235290527344
q4_b10000_r0.02_nnbaseline,34,-131.18585205078125
q4_b10000_r0.02_nnbaseline,35,-186.6427764892578
q4_b10000_r0.02_nnbaseline,36,-130.80645751953125
q4_b10000_r0.02_nnbaseline,37,-153.04376220703125
q4_b10000_r0.02_nnbaseline,38,-173.30718994140625
q4_b10000_r0.02_nnbaseline,39,-163.2607421875
q4_b10000_r0.02_nnbaseline,40,-149.4197235107422
q4_b10000_r0.02_nnbaseline,41,-142.84677124023438
q4_b10000_r0.02_nnbaseline,42,-189.4601593017578
q4_b10000_r0.02_nnbaseline,43,-138.8927764892578
q4_b10000_r0.02_nnbaseline,44,-156.1291046142578
q4_b10000_r0.02_nnbaseline,45,-156.68405151367188
q4_b10000_r0.02_nnbaseline,46,-191.88246154785156
q4_b10000_r0.02_nnbaseline,47,-209.0820770263672
q4_b10000_r0.02_nnbaseline,48,-154.15594482421875
q4_b10000_r0.02_nnbaseline,49,-184.4816131591797
q4_b10000_r0.02_nnbaseline,50,-127.59586334228516
q4_b10000_r0.02_nnbaseline,51,-146.29029846191406
q4_b10000_r0.02_nnbaseline,52,-143.10633850097656
q4_b10000_r0.02_nnbaseline,53,-152.41526794433594
q4_b10000_r0.02_nnbaseline,54,-151.48838806152344
q4_b10000_r0.02_nnbaseline,55,-161.3282470703125
q4_b10000_r0.02_nnbaseline,56,-131.17092895507812
q4_b10000_r0.02_nnbaseline,57,-145.2826385498047
q4_b10000_r0.02_nnbaseline,58,-112.50460052490234
q4_b10000_r0.02_nnbaseline,59,-139.7494659423828
q4_b10000_r0.02_nnbaseline,60,-151.95062255859375
q4_b10000_r0.02_nnbaseline,61,-135.01275634765625
q4_b10000_r0.02_nnbaseline,62,-189.5068359375
q4_b10000_r0.02_nnbaseline,63,-121.35507202148438
q4_b10000_r0.02_nnbaseline,64,-109.75897216796875
q4_b10000_r0.02_nnbaseline,65,-87.24324798583984
q4_b10000_r0.02_nnbaseline,66,-108.34115600585938
q4_b10000_r0.02_nnbaseline,67,-114.84283447265625
q4_b10000_r0.02_nnbaseline,68,-141.50582885742188
q4_b10000_r0.02_nnbaseline,69,-125.93988037109375
q4_b10000_r0.02_nnbaseline,70,-99.74134063720703
q4_b10000_r0.02_nnbaseline,71,-140.25436401367188
q4_b10000_r0.02_nnbaseline,72,-131.27462768554688
q4_b10000_r0.02_nnbaseline,73,-122.6865005493164
q4_b10000_r0.02_nnbaseline,74,-94.46184539794922
q4_b10000_r0.02_nnbaseline,75,-104.62020111083984
q4_b10000_r0.02_nnbaseline,76,-114.00897216796875
q4_b10000_r0.02_nnbaseline,77,-78.23193359375
q4_b10000_r0.02_nnbaseline,78,-94.27288055419922
q4_b10000_r0.02_nnbaseline,79,-61.994441986083984
q4_b10000_r0.02_nnbaseline,80,-75.74362182617188
q4_b10000_r0.02_nnbaseline,81,-93.95196533203125
q4_b10000_r0.02_nnbaseline,82,-64.05139923095703
q4_b10000_r0.02_nnbaseline,83,-86.54512786865234
q4_b10000_r0.02_nnbaseline,84,-76.14855194091797
q4_b10000_r0.02_nnbaseline,85,-74.55211639404297
q4_b10000_r0.02_nnbaseline,86,-86.90723419189453
q4_b10000_r0.02_nnbaseline,87,-99.32772827148438
q4_b10000_r0.02_nnbaseline,88,-80.24092864990234
q4_b10000_r0.02_nnbaseline,89,-74.94052124023438
q4_b10000_r0.02_nnbaseline,90,-56.14158248901367
q4_b10000_r0.02_nnbaseline,91,-49.8289794921875
q4_b10000_r0.02_nnbaseline,92,-78.10570526123047
q4_b10000_r0.02_nnbaseline,93,-129.74990844726562
q4_b10000_r0.02_nnbaseline,94,-95.34929656982422
q4_b10000_r0.02_nnbaseline,95,-115.76921844482422
q4_b10000_r0.02_nnbaseline,96,-68.3586654663086
q4_b10000_r0.02_nnbaseline,97,-117.5812759399414
q4_b10000_r0.02_nnbaseline,98,-117.8166275024414
q4_b10000_r0.02_nnbaseline,99,-99.05679321289062
q4_b10000_r0.02_rtg_nnbaseline,0,-110.60540771484375
q4_b10000_r0.02_rtg_nnbaseline,1,-89.87813568115234
q4_b10000_r0.02_rtg_nnbaseline,2,-56.95182800292969
q4_b10000_r0.02_rtg_nnbaseline,3,-35.3408317565918
q4_b10000_r0.02_rtg_nnbaseline,4,-77.74118041992188
q4_b10000_r0.02_rtg_nnbaseline,5,-79.52705383300781
q4_b10000_r0.02_rtg_nnbaseline,6,-44.25617980957031
q4_b10000_r0.02_rtg_nnbaseline,7,-33.18024826049805
q4_b10000_r0.02_rtg_nnbaseline,8,-58.612422943115234
q4_b10000_r0.02_rtg_nnbaseline,9,-54.6668586730957
q4_b10000_r0.02_rtg_nnbaseline,10,-89.476318359375
q4_b10000_r0.02_rtg_nnbaseline,11,-68.96623992919922
q4_b10000_r0.02_rtg_nnbaseline,12,-104.51043701171875
q4_b10000_r0.02_rtg_nnbaseline,13,-38.14984130859375
q4_b10000_r0.02_rtg_nnbaseline,14,-56.91510009765625
q4_b10000_r0.02_rtg_nnbaseline,15,-48.43159484863281
q4_b10000_r0.02_rtg_nnbaseline,16,-24.88763999938965
q4_b10000_r0.02_rtg_nnbaseline,17,-51.6187629699707
q4_b10000_r0.02_rtg_nnbaseline,18,-22.830564498901367
q4_b10000_r0.02_rtg_nnbaseline,19,-35.44486999511719
q4_b10000_r0.02_rtg_nnbaseline,20,-17.543760299682617
q4_b10000_r0.02_rtg_nnbaseline,21,-39.85403060913086
q4_b10000_r0.02_rtg_nnbaseline,22,-27.099294662475586
q4_b10000_r0.02_rtg_nnbaseline,23,-11.602745056152344
q4_b10000_r0.02_rtg_nnbaseline,24,-4.550937652587891
q4_b10000_r0.02_rtg_nnbaseline,25,-13.130081176757812
q4_b10000_r0.02_rtg_nnbaseline,26,-18.234455108642578
q4_b10000_r0.02_rtg_nnbaseline,27,0.1555647850036621
q4_b10000_r0.02_rtg_nnbaseline,28,-17.48282814025879
q4_b10000_r0.02_rtg_nnbaseline,29,-8.947063446044922
q4_b10000_r0.02_rtg_nnbaseline,30,-32.69296646118164
q4_b10000_r0.02_rtg_nnbaseline,31,-33.74447250366211
q4_b10000_r0.02_rtg_nnbaseline,32,-7.802248477935791
q4_b10000_r0.02_rtg_nnbaseline,33,-0.5177447199821472
q4_b10000_r0.02_rtg_nnbaseline,34,-16.03068733215332
q4_b10000_r0.02_rtg_nnbaseline,35,9.383511543273926
q4_b10000_r0.02_rtg_nnbaseline,36,-3.2328875064849854
q4_b10000_r0.02_rtg_nnbaseline,37,12.730237007141113
q4_b10000_r0.02_rtg_nnbaseline,38,11.077213287353516
q4_b10000_r0.02_rtg_nnbaseline,39,-2.316462516784668
q4_b10000_r0.02_rtg_nnbaseline,40,1.571316123008728
q4_b10000_r0.02_rtg_nnbaseline,41,-3.88069748878479
q4_b10000_r0.02_rtg_nnbaseline,42,-2.3513190746307373
q4_b10000_r0.02_rtg_nnbaseline,43,17.49758529663086
q4_b10000_r0.02_rtg_nnbaseline,44,-2.1322238445281982
q4_b10000_r0.02_rtg_nnbaseline,45,10.567644119262695
q4_b10000_r0.02_rtg_nnbaseline,46,23.865196228027344
q4_b10000_r0.02_rtg_nnbaseline,47,14.108922004699707
q4_b10000_r0.02_rtg_nnbaseline,48,19.476638793945312
q4_b10000_r0.02_rtg_nnbaseline,49,1.2080022096633911
q4_b10000_r0.02_rtg_nnbaseline,50,37.99541473388672
q4_b10000_r0.02_rtg_nnbaseline,51,44.017765045166016
q4_b10000_r0.02_rtg_nnbaseline,52,47.540592193603516
q4_b10000_r0.02_rtg_nnbaseline,53,13.449997901916504
q4_b10000_r0.02_rtg_nnbaseline,54,-11.720890998840332
q4_b10000_r0.02_rtg_nnbaseline,55,9.415728569030762
q4_b10000_r0.02_rtg_nnbaseline,56,14.152997016906738
q4_b10000_r0.02_rtg_nnbaseline,57,27.08006477355957
q4_b10000_r0.02_rtg_nnbaseline,58,30.389205932617188
q4_b10000_r0.02_rtg_nnbaseline,59,66.07923126220703
q4_b10000_r0.02_rtg_nnbaseline,60,54.98334884643555
q4_b10000_r0.02_rtg_nnbaseline,61,85.2217025756836
q4_b10000_r0.02_rtg_nnbaseline,62,91.1017837524414
q4_b10000_r0.02_rtg_nnbaseline,63,106.43289947509766
q4_b10000_r0.02_rtg_nnbaseline,64,44.63604736328125
q4_b10000_r0.02_rtg_nnbaseline,65,74.85149383544922
q4_b10000_r0.02_rtg_nnbaseline,66,106.76718139648438
q4_b10000_r0.02_rtg_nnbaseline,67,126.9878921508789
q4_b10000_r0.02_rtg_nnbaseline,68,157.94467163085938
q4_b10000_r0.02_rtg_nnbaseline,69,123.04730224609375
q4_b10000_r0.02_rtg_nnbaseline,70,137.9990997314453
q4_b10000_r0.02_rtg_nnbaseline,71,108.17586517333984
q4_b10000_r0.02_rtg_nnbaseline,72,145.91314697265625
q4_b10000_r0.02_rtg_nnbaseline,73,146.3440704345703
q4_b10000_r0.02_rtg_nnbaseline,74,175.17889404296875
q4_b10000_r0.02_rtg_nnbaseline,75,112.74300384521484
q4_b10000_r0.02_rtg_nnbaseline,76,170.5677490234375
q4_b10000_r0.02_rtg_nnbaseline,77,160.9014129638672
q4_b10000_r0.02_rtg_nnbaseline,78,132.34214782714844
q4_b10000_r0.02_rtg_nnbaseline,79,133.431884765625
q4_b10000_r0.02_rtg_nnbaseline,80,124.2309341430664
q4_b10000_r0.02_rtg_nnbaseline,81,103.10516357421875
q4_b10000_r0.02_rtg_nnbaseline,82,159.0481414794922
q4_b10000_r0.02_rtg_nnbaseline,83,115.5267333984375
q4_b10000_r0.02_rtg_nnbaseline,84,135.8855743408203
q4_b10000_r0.02_rtg_nnbaseline,85,83.23873138427734
q4_b10000_r0.02_rtg_nnbaseline,86,130.18931579589844
q4_b10000_r0.02_rtg_nnbaseline,87,154.71556091308594
q4_b10000_r0.02_rtg_nnbaseline,88,97.25125885009766
q4_b10000_r0.02_rtg_nnbaseline,89,136.48680114746094
q4_b10000_r0.02_rtg_nnbaseline,90,157.0362548828125
q4_b10000_r0.02_rtg_nnbaseline,91,155.46847534179688
q4_b10000_r0.02_rtg_nnbaseline,92,130.47401428222656
q4_b10000_r0.02_rtg_nnbaseline,93,111.8251724243164
q4_b10000_r0.02_rtg_nnbaseline,94,141.38902282714844
q4_b10000_r0.02_rtg_nnbaseline,95,112.66846466064453
q4_b10000_r0.02_rtg_nnbaseline,96,176.3910675048828
q4_b10000_r0.02_rtg_nnbaseline,97,210.9046173095703
q4_b10000_r0.02_rtg_nnbaseline,98,198.6043243408203
q4_b10000_r0.02_rtg_nnbaseline,99,161.28770446777344
