experiment,source_directory,batch_size,learning_rate,iterations,final_eval_return,last10_mean_eval_return,best_eval_return
q4_search_b10000_lr0.005_rtg_nnbaseline,q4_search_b10000_lr0.005_rtg_nnbaseline_HalfCheetah-v4_29-09-2026_11-14-04,10000,0.005,100,-0.4222162663936615,-5.371913656592369,6.118225574493408
q4_search_b10000_lr0.01_rtg_nnbaseline,q4_search_b10000_lr0.01_rtg_nnbaseline_HalfCheetah-v4_29-09-2026_11-14-04,10000,0.01,100,100.00849151611328,83.97995223999024,103.2192153930664
q4_search_b10000_lr0.02_rtg_nnbaseline,q4_search_b10000_lr0.02_rtg_nnbaseline_HalfCheetah-v4_29-09-2026_11-14-04,10000,0.02,100,161.28770446777344,155.60491180419922,210.9046173095703
q4_search_b30000_lr0.005_rtg_nnbaseline,q4_search_b30000_lr0.005_rtg_nnbaseline_HalfCheetah-v4_29-09-2026_11-14-04,30000,0.005,100,44.48854446411133,29.222052001953124,45.12223434448242
q4_search_b30000_lr0.01_rtg_nnbaseline,q4_search_b30000_lr0.01_rtg_nnbaseline_HalfCheetah-v4_29-09-2026_11-14-04,30000,0.01,100,112.9127197265625,100.45643692016601,112.9127197265625
q4_search_b30000_lr0.02_rtg_nnbaseline,q4_search_b30000_lr0.02_rtg_nnbaseline_HalfCheetah-v4_29-09-2026_11-14-04,30000,0.02,100,93.401611328125,141.57303428649902,236.1392822265625
q4_search_b50000_lr0.005_rtg_nnbaseline,q4_search_b50000_lr0.005_rtg_nnbaseline_HalfCheetah-v4_29-09-2026_11-14-04,50000,0.005,100,41.067195892333984,44.66106777191162,73.52696990966797
q4_search_b50000_lr0.01_rtg_nnbaseline,q4_search_b50000_lr0.01_rtg_nnbaseline_HalfCheetah-v4_29-09-2026_11-14-04,50000,0.01,100,99.62369537353516,127.73582305908204,151.2538604736328
q4_search_b50000_lr0.02_rtg_nnbaseline,q4_search_b50000_lr0.02_rtg_nnbaseline_HalfCheetah-v4_29-09-2026_11-14-04,50000,0.02,100,167.28453063964844,146.40636825561523,167.28453063964844
q4_b10000_r0.02,q4_b10000_r0.02_HalfCheetah-v4_29-09-2026_11-28-24,10000,0.02,100,-60.22883987426758,-74.79453659057617,-43.34305953979492
q4_b10000_r0.02_rtg,q4_b10000_r0.02_rtg_HalfCheetah-v4_29-09-2026_11-28-24,10000,0.02,100,20.733457565307617,44.50024909973145,97.26705169677734
q4_b10000_r0.02_nnbaseline,q4_b10000_r0.02_nnbaseline_HalfCheetah-v4_29-09-2026_11-28-24,10000,0.02,100,-99.05679321289062,-92.77580528259277,-49.8289794921875
q4_b10000_r0.02_rtg_nnbaseline,q4_b10000_r0.02_rtg_nnbaseline_HalfCheetah-v4_29-09-2026_11-28-24,10000,0.02,100,161.28770446777344,155.60491180419922,210.9046173095703
